;cluster
0;0
1;4
2;6
3;6
4;6
5;6
6;6
7;6
8;6
9;6
10;3
11;3
12;7
13;7
14;7
15;2
16;2
17;2
18;0
19;0
20;0
21;5
22;5
23;5
24;5
25;5
26;5
27;5
28;4
29;5
30;5
31;5
32;5
33;5
34;1
35;1
36;6
37;3
38;3
39;7
40;2
41;2
42;2
43;2
44;2
45;2
46;0
47;0
48;0
49;0
50;0
51;0
52;0
53;0
54;0
55;0
56;2
57;2
58;5
59;5
60;5
61;1
62;1
63;1
64;1
65;1
66;6
67;6
68;6
69;2
70;2
71;2
72;2
73;2
74;2
75;2
76;2
77;0
78;5
79;5
80;5
81;5
82;1
83;1
84;1
85;1
86;1
87;6
88;6
89;2
90;2
91;2
92;2
93;0
94;5
95;6
96;6
97;6
98;3
99;2
100;2
101;0
102;0
103;5
104;5
105;3
107;7
108;2
109;2
110;2
111;2
112;2
113;2
114;0
115;0
116;0
117;5
118;5
119;5
120;1
121;1
122;6
123;3
124;3
125;3
126;3
127;3
128;7
129;7
130;0
131;0
132;4
133;5
134;5
135;5
136;6
137;6
138;6
139;3
140;3
141;7
142;7
143;7
144;7
145;2
146;0
147;0
148;0
149;0
150;5
151;1
152;1
153;1
154;1
155;1
156;1
157;1
158;6
159;6
160;6
161;6
162;6
163;6
164;6
165;6
166;6
167;6
169;6
170;6
171;6
172;3
173;3
174;2
175;0
176;5
177;5
178;5
179;4
180;5
181;5
182;5
183;5
184;7
185;7
186;2
187;2
188;0
189;0
190;0
191;5
192;5
193;5
194;5
195;5
196;5
197;1
198;1
199;1
200;1
201;1
202;7
203;2
204;2
205;0
206;0
207;0
208;0
209;0
210;0
211;0
212;0
213;5
214;5
215;5
216;5
217;4
218;5
219;5
220;5
221;5
222;1
223;1
224;1
225;1
226;3
228;7
229;2
230;2
231;2
232;2
233;2
234;2
235;0
236;0
237;0
238;0
239;0
240;0
241;0
242;0
243;5
244;5
245;5
246;5
247;5
248;1
249;1
250;1
251;1
252;1
253;1
254;1
255;1
256;6
257;6
258;6
259;3
260;3
261;3
262;7
263;7
264;2
265;2
266;2
267;2
268;2
269;2
270;2
271;2
272;2
273;0
274;0
275;0
276;0
277;0
278;0
279;0
280;0
281;0
282;0
283;5
284;5
285;5
286;5
287;4
288;5
289;5
290;5
291;5
292;5
293;1
294;1
295;3
296;7
297;7
298;7
299;7
300;7
301;2
302;2
303;2
304;2
305;2
306;2
307;0
308;0
309;0
310;0
311;0
312;0
313;0
314;5
315;5
316;5
318;1
319;1
320;1
321;1
322;1
323;1
324;1
325;1
326;6
327;6
328;3
329;3
330;3
331;3
332;4
333;4
334;7
335;7
336;7
337;7
338;7
339;0
340;0
341;0
342;5
343;5
344;5
346;1
347;1
348;1
349;1
350;1
351;1
352;1
353;1
354;1
355;1
356;6
357;6
358;6
359;6
360;3
361;3
362;3
363;7
364;7
365;2
366;0
367;0
368;0
369;0
370;5
371;5
372;5
373;4
374;5
375;5
376;5
377;5
378;5
379;5
380;1
381;1
382;1
383;1
384;1
385;1
386;1
387;3
388;3
389;7
390;7
391;7
392;7
393;2
394;2
395;2
396;2
397;2
398;2
399;2
400;2
401;2
402;2
403;2
404;2
405;0
406;0
407;5
408;1
409;6
410;6
411;3
412;7
413;7
414;7
415;5
416;5
417;5
418;1
419;1
420;6
421;6
422;6
423;7
424;7
425;7
426;2
427;2
428;2
429;2
430;2
431;0
432;0
433;0
434;5
435;1
436;1
437;1
439;1
440;1
441;6
442;6
443;6
444;6
445;6
446;6
447;6
448;7
449;7
450;7
451;2
452;2
453;2
454;2
455;2
456;2
457;0
459;0
460;0
461;0
462;5
463;5
464;5
465;1
466;1
467;1
468;1
469;1
470;1
471;1
472;1
473;1
474;6
475;6
476;6
477;2
478;2
479;2
480;2
481;2
482;0
483;0
484;0
485;0
486;0
487;5
488;1
489;1
490;1
491;3
492;3
493;3
494;3
495;7
496;2
497;2
498;2
499;0
500;0
501;0
502;0
503;0
504;0
505;0
506;0
507;5
508;6
509;6
510;3
511;2
512;2
513;2
514;2
515;2
516;2
517;5
518;5
519;5
520;1
521;1
522;6
523;6
524;6
525;6
526;4
527;7
528;7
529;2
530;2
532;2
533;0
534;0
535;0
536;0
538;0
539;1
540;1
541;1
542;1
543;6
544;6
545;6
546;6
547;7
548;2
549;0
550;0
551;5
552;5
553;5
554;6
555;6
556;6
557;3
559;2
560;2
561;2
562;2
563;0
564;0
565;0
566;0
567;5
568;5
569;5
570;1
571;1
572;6
573;6
574;6
575;6
576;6
577;2
578;2
579;2
580;2
582;0
583;0
584;0
585;0
586;0
587;5
588;5
589;5
590;5
591;5
592;5
593;6
594;6
595;7
596;2
597;2
598;2
599;0
600;5
601;5
602;5
603;5
605;1
606;1
607;1
609;1
610;1
611;6
612;6
613;7
614;7
615;2
616;2
617;0
618;0
619;5
620;5
621;5
623;0
624;0
625;5
626;5
627;1
628;1
629;1
630;6
631;6
632;6
633;6
634;6
635;6
636;1
637;6
638;6
639;6
640;6
641;2
642;2
643;2
644;1
645;7
646;7
647;7
648;7
649;7
650;0
651;0
652;1
653;1
654;1
655;6
656;6
657;6
658;6
659;6
660;3
661;3
662;3
663;4
664;3
665;3
666;3
667;3
668;3
669;7
670;2
671;1
672;1
673;6
674;3
675;3
676;4
677;3
678;3
679;7
680;7
681;7
682;7
683;5
684;5
685;4
686;5
687;5
688;5
689;5
690;1
691;6
692;6
693;7
694;2
695;2
696;2
697;0
698;0
699;0
700;0
701;0
702;0
703;0
704;0
705;0
706;0
707;0
708;5
709;5
710;5
711;5
712;5
713;5
714;5
715;5
716;4
717;5
718;5
719;5
720;5
721;1
722;3
723;0
724;0
725;5
726;5
727;5
728;5
729;5
730;5
731;5
732;5
733;1
734;1
735;1
736;1
737;1
738;1
739;7
740;7
741;7
742;2
743;2
744;2
745;0
746;0
747;0
748;0
749;0
750;0
751;0
752;0
753;0
754;0
755;0
756;0
757;5
758;1
759;1
760;6
761;6
762;6
763;3
764;3
765;3
766;3
767;4
768;3
769;7
770;2
771;2
772;2
773;2
774;2
775;2
776;2
777;2
778;0
779;0
780;0
781;0
782;5
783;5
784;5
785;5
786;5
787;5
788;5
789;4
790;5
791;5
792;5
793;1
794;1
795;1
796;1
797;1
798;1
799;1
800;1
801;1
802;1
803;1
804;1
805;6
806;6
807;6
808;6
809;6
810;0
811;7
812;2
813;2
814;2
815;2
816;0
817;0
818;5
819;1
820;1
822;0
823;0
824;5
825;1
826;1
827;6
828;2
829;1
830;1
831;6
832;6
833;3
834;3
835;0
836;0
837;5
838;6
839;3
841;1
842;1
843;1
844;1
845;1
846;1
847;1
848;1
849;1
851;7
852;7
853;7
854;7
855;7
856;7
857;7
858;7
859;7
860;7
861;7
862;7
863;2
865;1
866;7
867;7
868;5
870;6
871;1
872;6
873;6
875;7
876;5
877;7
878;5
879;6
880;6
882;5
884;7
886;1
887;2
889;6
891;6
892;7
893;5
894;5
897;0
901;2
904;3
905;7
906;6
908;0
910;5
912;2
913;2
914;2
915;6
916;5
918;5
919;1
920;1
921;1
923;1
924;2
925;0
926;6
927;6
928;7
929;1
931;2
932;0
935;5
937;7
938;0
945;6
946;7
947;5
948;7
949;7
950;1
951;2
952;3
953;7
954;5
955;6
956;3
957;7
959;6
961;6
962;7
963;6
964;3
965;1
966;1
969;6
970;3
972;0
973;5
974;1
975;6
976;6
977;6
978;6
979;3
980;3
982;7
983;7
984;2
987;2
989;7
990;6
991;0
992;2
993;1
994;5
995;6
996;7
997;0
1000;1
1001;3
1002;0
1003;6
1005;5
1006;3
1007;0
1008;7
1009;6
1010;6
1011;0
1012;6
1013;7
1014;5
1015;7
1016;0
1017;2
1018;1
1019;1
1020;2
1021;6
1022;1
1023;2
1024;6
1026;1
1027;7
1028;2
1029;0
1030;2
1032;6
1033;2
1034;1
1035;6
1036;5
1037;5
1038;1
1039;6
1040;1
1041;3
1042;1
1043;6
1044;0
1045;0
1046;5
1048;1
1049;0
1050;2
1051;1
1052;6
1053;3
1054;3
1055;2
1056;2
1057;0
1058;6
1059;6
1060;3
1061;2
1062;5
1063;5
1064;5
1065;1
1066;6
1067;3
1068;3
1069;3
1070;2
1071;2
1072;0
1073;6
1074;3
1075;3
1076;3
1216;5
1217;7
1218;3
1219;6
1220;7
1221;1
1222;2
1223;6
1224;6
1225;3
1226;2
1227;2
1228;6
1229;2
1230;2
1231;1
1232;3
1233;2
1234;5
1235;1
1236;6
1239;5
1240;1
1242;5
1243;6
1244;6
1245;6
1246;6
1247;2
1248;6
1249;2
1250;6
1251;6
1252;6
1253;1
1255;5
1256;1
1259;1
1260;4
1261;1
1262;7
1263;2
1264;6
1265;5
1266;3
1267;7
1268;0
1269;5
1272;4
1273;4
1274;6
1275;6
1276;6
1277;6
1278;2
1279;1
1280;0
1281;4
1282;2
1283;4
1284;1
1286;1
1287;1
1288;2
1289;1
1290;1
1291;2
1292;1
1294;1
1295;6
1296;1
1297;7
1298;2
1299;2
1300;1
1301;5
1302;1
1303;5
1304;2
1308;1
1310;5
1311;2
1312;1
1313;0
1314;2
1315;6
1316;6
1317;2
1318;2
1319;5
1320;6
1321;6
1322;6
1324;2
1325;6
1326;7
1327;0
1328;5
1329;6
1330;5
1331;1
1332;4
1333;1
1335;5
1336;6
1337;6
1338;0
1339;6
1340;6
1341;5
1342;5
1343;1
1344;1
1345;1
1346;6
1347;1
1348;6
1349;2
1350;5
1351;1
1352;1
1353;1
1354;5
1355;4
1356;6
1357;6
1358;5
1359;1
1360;6
1361;7
1362;6
1363;0
1364;0
1365;0
1366;1
1367;1
1368;6
1369;1
1370;6
1371;2
1372;1
1373;2
1375;6
1376;2
1378;1
1379;6
1380;6
1381;1
1382;6
1383;6
1384;2
1385;0
1386;0
1387;0
1388;1
1389;0
1390;1
1391;6
1392;6
1393;2
1394;0
1395;5
1397;1
1398;1
1399;6
1400;2
1401;2
1402;6
1403;1
1404;6
1405;6
1406;6
1407;6
1408;2
1412;0
1413;0
1414;5
1419;6
1420;0
1421;0
1422;0
1423;6
1424;2
1425;5
1426;1
1427;0
1428;5
1429;1
1430;1
1431;1
1432;3
1433;0
1434;0
1435;5
1436;5
1437;1
1438;1
1439;1
1440;1
1441;6
1442;6
1443;6
1444;3
1445;2
1446;0
1447;5
1448;5
1449;1
1450;1
1451;2
1452;2
1453;1
1454;6
1455;6
1456;7
1457;2
1458;2
1459;2
1460;0
1461;5
1462;1
1463;6
1464;6
1465;7
1466;5
1467;5
1468;1
1469;1
1470;1
1471;6
1472;7
1473;2
1475;2
1476;0
1477;0
1478;0
1479;5
1480;5
1481;1
1482;6
1483;2
1484;2
1485;0
1486;0
1487;5
1488;5
1489;1
1490;1
1491;0
1492;6
1493;6
1494;2
1495;0
1496;4
1497;5
1498;1
1499;0
1500;0
1501;5
1502;1
1503;6
1504;6
1505;0
1506;5
1507;6
1508;1
1509;2
1510;0
1511;0
1512;7
1513;2
1514;6
1515;2
1516;2
1517;0
1518;5
1519;5
1520;1
1521;6
1522;2
1524;1
1525;1
1526;7
1527;0
1528;6
1529;2
1530;2
1531;0
1532;5
1533;5
1534;6
1535;6
1536;2
1537;2
1538;2
1539;0
1540;1
1541;6
1542;6
1543;7
1544;2
1545;0
1546;0
1547;5
1548;5
1549;1
1550;1
1551;6
1552;4
1553;0
1554;0
1555;1
1556;6
1557;6
1558;6
1559;2
1560;2
1561;2
1562;0
1563;5
1564;5
1565;6
1566;0
1567;5
1568;2
1569;0
1570;0
1571;5
1572;6
1573;2
1574;5
1575;2
1576;2
1577;1
1578;4
1579;0
1580;0
1581;5
1582;1
1583;1
1584;6
1585;6
1586;6
1587;3
1588;2
1589;0
1590;0
1591;0
1592;5
1593;6
1594;2
1595;2
1596;0
1597;0
1598;0
1599;0
1600;1
1601;0
1602;0
1603;5
1604;1
1605;6
1606;2
1607;0
1608;4
1609;1
1610;1
1611;3
1612;3
1613;7
1614;0
1615;1
1616;5
1617;0
1618;0
1619;5
1620;5
1621;5
1622;7
1623;0
1624;0
1625;1
1626;1
1627;1
1628;3
1629;2
1630;0
1631;1
1632;2
1633;0
1634;3
1635;7
1636;1
1637;7
1638;0
1639;1
1640;4
1641;3
1642;7
1643;2
1644;0
1645;5
1646;7
1647;5
1648;1
1649;2
1650;4
1651;5
1652;6
1653;4
1654;2
1655;2
1656;2
1657;2
1658;2
1659;2
1660;2
1661;2
1662;0
1663;0
1664;0
1665;1
1666;6
1667;5
1668;5
1669;6
1670;1
1672;3
1673;2
1674;0
1675;1
1676;1
1677;2
1678;0
1679;0
1680;5
1681;6
1682;6
1683;2
1684;0
1685;0
1686;1
1687;6
1688;7
1689;2
1690;0
1691;0
1692;1
1693;1
1694;1
1695;6
1696;6
1697;2
1698;5
1699;5
1700;7
1701;7
1702;0
1703;5
1704;1
1705;6
1706;3
1707;2
1708;2
1709;0
1710;0
1711;5
1712;5
1713;1
1714;1
1715;1
1716;1
1717;0
1718;1
1719;7
1720;7
1721;2
1722;5
1723;2
1724;0
1725;0
1726;0
1727;1
1728;0
1729;5
1730;6
1731;6
1732;2
1733;0
1734;2
1735;2
1736;0
1737;6
1738;5
1739;1
1740;6
1741;2
1742;1
1743;1
1744;6
1745;5
1746;2
1747;5
1748;1
1749;5
1750;4
1751;5
1752;6
1753;6
1754;3
1755;0
1756;0
1757;5
1758;6
1759;7
1760;2
1761;0
1762;0
1763;5
1764;3
1765;3
1766;0
1767;1
1768;5
1769;7
1770;7
1771;2
1772;2
1773;5
1774;1
1775;7
1776;2
1777;2
1778;5
1779;1
1780;6
1781;3
1782;2
1783;0
1784;5
1785;2
1786;5
1787;7
1788;5
1789;1
1790;1
1791;1
1792;6
1793;6
1794;3
1795;3
1796;3
1797;3
1798;3
1799;3
1800;3
1801;3
1802;3
1803;3
1804;3
1805;3
1806;3
1807;3
1808;4
1809;4
1810;4
1811;4
1812;4
1813;4
1814;4
1815;4
1816;4
1817;4
1818;4
1819;3
1820;3
1821;3
1822;3
1823;3
1824;3
1825;3
1826;3
1827;3
1828;3
1829;3
1830;3
1831;3
1832;3
1833;3
1834;2
1835;2
1836;0
1837;5
1838;1
1839;1
1840;2
1841;6
1842;1
1843;6
1844;1
1845;6
1846;2
1847;0
1848;1
1849;6
1850;0
1851;5
1852;4
1853;4
1854;7
1855;0
1856;5
1857;4
1858;1
1859;3
1860;2
1861;2
1862;2
1863;0
1864;5
1865;1
1866;6
1867;6
1868;6
1869;2
1870;2
1871;1
1872;7
1873;0
1874;0
1875;5
1876;1
1877;6
1878;2
1879;0
1880;0
1881;1
1882;6
1883;6
1884;3
1885;0
1886;0
1887;1
1888;1
1889;6
1890;6
1891;7
1892;7
1893;2
1894;2
1895;0
1896;0
1897;1
1898;6
1899;6
1900;0
1901;6
4162;2
4163;1
4164;6
4165;7
4166;5
4167;1
4168;6
4169;4
4170;1
4171;1
4172;6
4173;6
4174;6
4175;6
4176;7
4178;5
4179;5
4180;2
4181;7
4182;0
4183;0
4184;4
4185;7
4186;1
4187;2
4188;2
4189;1
4190;1
4191;7
4192;7
4193;0
4194;0
4195;0
4196;6
4197;6
4198;7
4199;0
4200;1
4201;4
4202;2
4203;2
4204;0
4205;0
4206;5
4207;1
4208;1
4209;2
4210;2
4211;1
4212;6
4213;6
4214;2
4215;2
4216;6
4217;5
4218;5
4219;5
4220;5
4221;5
4222;5
4223;1
4224;1
4225;1
4226;1
4227;6
4228;6
4229;6
4230;3
4231;3
4232;3
4234;7
4235;7
4237;2
4238;2
4240;2
4241;0
4242;0
4243;0
4244;0
4245;5
4246;5
4247;5
4248;5
4249;5
4250;1
4251;1
4252;1
4253;6
4254;6
4255;3
4256;7
4257;7
4258;7
4259;7
4260;2
4261;2
4262;2
4263;0
4264;0
4265;0
4266;0
4267;0
4268;0
4269;5
4270;1
4271;1
4272;1
4273;6
4274;6
4275;6
4276;3
4278;7
4279;2
4280;2
4281;2
4282;2
4283;2
4284;0
4285;0
4286;0
4287;5
4288;5
4289;5
4290;4
4291;5
4293;5
4294;1
4295;1
4296;1
4297;6
4298;6
4299;6
4300;6
4301;3
4302;3
4303;3
4304;7
4305;7
4306;7
4307;7
4308;2
4309;2
4310;2
4311;0
4312;0
4313;0
4314;0
4315;5
4316;5
4317;5
4318;1
4319;1
4320;1
4321;6
4322;6
4323;6
4324;6
4325;3
4326;7
4327;7
4329;2
4330;2
4331;2
4332;2
4334;2
4335;0
4336;0
4337;0
4338;5
4339;5
4340;5
4341;5
4342;1
4343;1
4344;1
4345;1
4346;6
4347;6
4348;3
4349;5
4350;5
4351;1
4352;6
4353;3
4354;7
4355;7
4356;7
4357;2
4358;0
4359;0
4360;5
4361;5
4362;5
4363;5
4364;1
4365;1
4366;7
4367;2
4368;0
4369;0
4370;0
4371;4
4372;5
4373;1
4374;1
4375;6
4376;6
4377;3
4378;7
4379;7
4380;2
4381;2
4382;2
4383;0
4384;0
4385;5
4386;5
4387;5
4388;4
4389;1
4390;6
4391;6
4392;6
4393;6
4394;3
4395;7
4396;7
4397;7
4398;7
4399;7
4400;2
4401;2
4402;2
4403;2
4404;0
4405;0
4406;0
4407;5
4408;4
4409;5
4410;5
4411;1
4412;1
4413;1
4414;6
4415;6
4416;6
4417;3
4418;7
4419;2
4420;2
4421;2
4422;2
4423;0
4424;0
4425;0
4426;0
4427;0
4428;0
4429;0
4430;0
4431;5
4432;5
4433;5
4434;4
4435;5
4436;1
4437;1
4438;1
4439;1
4440;1
4441;1
4442;6
4443;6
4445;3
4446;7
4447;2
4448;2
4450;0
4451;0
4452;0
4453;0
4454;0
4455;5
4456;5
4457;5
4458;5
4459;1
4460;1
4461;6
4462;3
4463;3
4464;7
4465;7
4466;7
4467;7
4468;7
4469;2
4470;2
4471;2
4472;2
4473;0
4474;0
4475;0
4476;0
4477;0
4478;0
4479;0
4480;5
4481;4
4482;5
4483;5
4484;1
4485;1
4486;1
4487;1
4488;6
4489;6
4490;6
4491;3
4492;4
4493;3
4494;7
4495;7
4496;2
4497;2
4498;2
4499;2
4500;2
4501;0
4502;0
4503;5
4504;5
4505;5
4506;5
4507;5
4508;1
4509;1
4510;1
4511;1
4512;1
4513;1
4514;1
4515;6
4516;6
4517;6
4518;6
4519;3
4520;3
4521;7
4522;2
4523;2
4524;2
4525;0
4526;0
4527;0
4528;0
4529;0
4530;5
4531;5
4532;5
4533;5
4536;5
4537;1
4538;1
4539;1
4540;1
4541;1
4542;6
4543;6
4544;6
4545;3
4546;7
4547;7
4548;7
4549;7
4550;2
4551;2
4552;0
4553;0
4554;0
4555;0
4556;0
4557;0
4558;5
4559;5
4560;1
4561;1
4562;3
4563;3
4564;3
4565;7
4566;2
4567;2
4568;2
4569;2
4570;2
4571;2
4572;0
4573;0
4574;0
4575;5
4576;5
4577;5
4578;5
4580;5
4581;1
4582;1
4583;1
4584;6
4585;6
4586;6
4587;3
4588;7
4589;7
4591;7
4592;2
4593;2
4594;2
4595;2
4596;2
4597;0
4598;0
4599;0
4600;5
4601;4
4602;5
4603;1
4604;1
4605;1
4606;1
4607;6
4608;6
4609;6
4610;6
4611;6
4612;3
4613;4
4614;7
4615;7
4616;7
4617;7
4618;7
4619;7
4620;2
4621;2
4622;0
4623;0
4624;5
4625;5
4626;5
4627;1
4628;1
4629;1
4630;1
4631;1
4632;1
4633;1
4634;6
4635;6
4636;6
4637;6
4638;6
4640;7
4641;7
4642;7
4643;7
4644;2
4645;2
4646;2
4647;2
4648;0
4649;0
4650;0
4651;0
4652;0
4653;5
4654;5
4655;5
4656;5
4657;1
4658;1
4659;1
4661;1
4662;6
4663;6
4664;3
4665;3
4666;3
4667;7
4668;7
4669;7
4670;7
4671;2
4672;2
4673;2
4674;2
4675;0
4676;0
4677;0
4678;0
4679;0
4680;5
4681;5
4682;1
4683;1
4684;6
4685;6
4686;6
4687;3
4688;3
4689;3
4690;7
4691;7
4692;7
4693;7
4694;7
4695;2
4696;0
4697;5
4698;5
4699;1
4700;1
4701;1
4702;1
4703;6
4704;6
4705;6
4706;6
4707;7
4708;2
4709;0
4710;0
4711;0
4712;0
4713;5
4714;5
4716;5
4717;5
4718;5
4719;5
4720;5
4721;1
4722;1
4723;6
4724;3
4725;3
4726;7
4727;7
4728;7
4729;2
4730;2
4731;2
4732;2
4733;2
4734;2
4735;0
4736;0
4737;0
4738;5
4739;4
4740;5
4741;1
4742;1
4743;1
4744;1
4745;6
4746;6
4747;6
4748;6
4749;3
4750;3
4751;7
4752;7
4753;7
4754;2
4755;0
4756;0
4757;0
4758;0
4759;0
4760;5
4762;5
4763;5
4764;1
4765;1
4766;1
4767;1
4768;1
4769;6
4770;3
4771;3
4772;7
4773;7
4774;7
4776;7
4777;2
4778;2
4779;2
4780;0
4782;5
4783;5
4784;5
4785;4
4786;6
4787;3
4788;3
4789;3
4790;3
4791;7
4792;7
4793;7
4794;7
4795;2
4796;0
4797;0
4798;5
4799;4
4800;1
4801;1
4803;6
4804;6
4805;3
4806;3
4807;7
4808;7
4809;7
4811;2
4812;2
4813;2
4814;0
4815;0
4816;0
4817;5
4818;5
4819;1
4820;1
4821;1
4822;6
4823;6
4825;6
4826;3
4827;7
4828;2
4829;0
4832;5
4833;5
4834;1
4835;1
4836;6
4837;7
4838;2
4839;2
4840;0
4841;0
4842;5
4843;5
4844;1
4845;1
4846;1
4848;6
4849;6
4850;6
4851;3
4852;7
4853;7
4854;7
4855;7
4856;7
4857;2
4858;2
4859;2
4860;2
4861;0
4862;0
4863;5
4864;5
4865;4
4866;5
4867;1
4868;1
4870;1
4871;6
4872;6
4873;7
4874;7
4876;7
4877;2
4878;2
4879;0
4880;4
4881;5
4882;1
4883;1
4884;6
4885;6
4886;6
4887;3
4888;7
4889;2
4890;2
4891;2
4892;2
4893;2
4894;2
4895;0
4896;0
4897;0
4898;0
4899;4
4900;5
4901;5
4902;5
4903;1
4904;1
4905;6
4906;3
4907;3
4908;3
4909;7
4910;2
4911;2
4912;2
4913;2
4914;2
4915;0
4916;0
4917;0
4918;0
4919;0
4920;0
4922;5
4923;4
4924;4
4925;5
4926;1
4927;1
4928;1
4929;6
4930;6
4931;6
4932;6
4933;3
4934;7
4935;7
4936;2
4937;2
4938;2
4939;0
4940;0
4941;0
4942;0
4943;5
4944;5
4945;5
4946;5
4947;1
4948;1
4949;1
4950;6
4951;3
4952;3
4953;7
4954;7
4955;7
4956;7
4957;2
4958;2
4959;2
4960;2
4961;0
4962;5
4963;5
4964;5
4965;5
4966;5
4967;5
4968;1
4970;1
4971;1
4972;1
4974;4
4975;2
4976;2
4977;2
4978;2
4980;0
4981;0
4982;0
4983;0
4984;5
4985;5
4986;5
4987;4
4988;5
4989;5
4990;5
4991;1
4992;1
4993;6
4994;6
4995;6
4996;3
4997;7
4998;7
4999;7
5000;7
5001;7
5002;7
5003;7
5004;2
5005;2
5007;2
5008;0
5009;0
5010;0
5011;0
5012;0
5013;5
5014;5
5015;5
5016;5
5017;5
5018;1
5019;1
5021;1
5022;6
5023;6
5024;6
5025;6
5026;6
5027;3
5028;3
5029;3
5030;3
5031;7
5032;7
5033;7
5034;7
5035;7
5036;7
5037;2
5038;2
5039;2
5040;2
5041;2
5042;2
5043;2
5044;2
5045;2
5046;0
5047;0
5048;0
5049;0
5050;0
5051;0
5052;0
5053;0
5054;5
5055;5
5057;5
5058;5
5059;5
5060;1
5061;1
5062;6
5063;6
5064;6
5065;3
5066;3
5067;3
5068;7
5069;2
5070;2
5071;2
5072;2
5073;2
5074;2
5075;0
5076;0
5077;0
5078;0
5079;0
5080;5
5081;5
5082;5
5083;1
5084;1
5085;6
5086;6
5087;4
5088;3
5089;3
5090;3
5091;3
5092;7
5094;7
5095;7
5096;7
5097;7
5098;7
5099;2
5100;2
5101;0
5102;0
5103;0
5104;0
5105;0
5106;5
5107;5
5108;5
5109;5
5110;1
5111;1
5112;3
5113;3
5114;3
5115;7
5116;7
5117;2
5118;2
5119;2
5120;0
5121;0
5122;0
5123;0
5124;5
5125;5
5126;5
5127;5
5128;1
5129;1
5130;1
5131;1
5132;1
5133;6
5134;6
5135;6
5136;6
5137;3
5138;7
5139;7
5140;7
5141;7
5142;2
5143;2
5144;0
5145;0
5146;0
5147;0
5148;0
5149;5
5150;5
5151;1
5153;1
5154;6
5155;6
5156;4
5157;3
5158;3
5159;3
5160;7
5162;2
5163;2
5164;2
5165;0
5166;0
5167;0
5168;0
5169;0
5170;0
5171;0
5172;0
5173;0
5174;5
5175;4
5176;5
5177;5
5178;5
5179;5
5180;1
5181;1
5182;1
5183;1
5184;1
5185;6
5186;3
5187;3
5188;7
5189;2
5190;2
5191;2
5192;2
5193;2
5194;0
5195;0
5196;0
5197;0
5198;0
5199;0
5200;0
5201;0
5202;4
5203;4
5204;5
5205;5
5206;5
5207;5
5208;1
5209;1
5210;1
5211;1
5212;1
5213;1
5214;6
5215;6
5216;6
5217;6
5218;3
5219;3
5220;3
5221;3
5222;7
5223;7
5224;7
5225;7
5226;2
5227;2
5228;2
5229;2
5230;0
5231;0
5232;0
5233;0
5234;0
5235;0
5236;0
5237;5
5238;5
5239;5
5240;4
5241;5
5242;5
5243;5
5244;5
5245;5
5246;1
5247;1
5248;6
5250;4
5251;3
5252;3
5253;7
5254;7
5255;7
5256;2
5257;2
5258;2
5259;0
5260;0
5261;0
5262;0
5263;4
5264;4
5266;5
5267;5
5268;5
5269;1
5270;1
5271;6
5272;6
5273;6
5274;3
5275;3
5276;3
5277;7
5278;7
5279;7
5280;2
5281;2
5282;2
5283;2
5284;2
5285;2
5286;2
5287;0
5288;0
5289;0
5290;0
5291;0
5292;0
5293;0
5294;5
5295;5
5296;5
5297;5
5298;5
5299;5
5300;1
5301;1
5303;1
5305;1
5306;6
5307;3
5308;7
5309;7
5310;7
5311;2
5312;2
5313;2
5314;2
5315;2
5316;2
5317;2
5318;2
5319;0
5320;0
5321;0
5322;0
5323;0
5324;0
5325;0
5326;0
5327;5
5328;5
5329;5
5330;5
5331;5
5332;1
5334;6
5335;6
5336;3
5337;3
5338;7
5339;7
5340;7
5341;7
5343;7
5344;7
5345;7
5346;2
5347;2
5348;0
5349;0
5350;0
5352;5
5353;5
5354;5
5355;5
5356;1
5357;1
5358;1
5359;6
5361;7
5362;7
5363;7
5364;2
5365;2
5366;2
5367;2
5368;2
5369;2
5370;0
5371;0
5372;0
5373;0
5374;5
5375;5
5376;1
5377;1
5378;1
5379;1
5380;1
5381;6
5382;6
5383;6
5384;7
5385;7
5386;7
5387;2
5388;2
5389;0
5390;0
5391;5
5392;5
5393;5
5394;5
5395;1
5396;1
5397;1
5398;6
5399;7
5400;7
5401;7
5402;2
5403;2
5404;2
5405;2
5406;0
5407;0
5408;4
5410;5
5411;5
5412;1
5413;1
5414;1
5415;1
5418;6
5419;6
5420;6
5421;3
5422;3
5423;7
5424;7
5425;7
5426;7
5427;2
5428;2
5429;2
5430;0
5431;0
5432;0
5433;0
5434;0
5435;0
5436;5
5437;1
5438;1
5439;1
5440;1
5441;1
5442;6
5443;6
5444;7
5447;2
5448;0
5449;0
5450;0
5451;0
5452;0
5453;5
5454;5
5455;5
5456;4
5457;5
5458;5
5459;5
5460;1
5461;1
5462;1
5463;6
5465;3
5466;7
5467;7
5468;2
5469;2
5470;2
5471;2
5472;0
5473;0
5474;0
5475;0
5476;0
5477;0
5478;5
5479;5
5480;5
5481;5
5482;5
5483;1
5484;1
5485;1
5486;1
5487;7
5488;7
5489;2
5490;2
5491;2
5492;2
5493;0
5494;0
5495;0
5497;1
5498;1
5499;1
5500;6
5501;2
5502;2
5503;5
5504;5
5505;5
5506;5
5507;1
5508;6
5509;6
5510;2
5511;2
5512;2
5513;0
5514;0
5515;0
5516;0
5517;0
5518;0
5519;0
5520;5
5521;1
5522;1
5523;1
5524;6
5525;6
5526;7
5527;2
5528;2
5529;2
5530;2
5531;0
5532;0
5533;0
5534;0
5535;5
5536;5
5537;5
5538;5
5539;5
5540;1
5541;1
5542;1
5543;6
5544;3
5545;7
5546;7
5547;7
5548;2
5549;2
5550;2
5551;2
5552;2
5553;2
5554;0
5555;0
5556;0
5557;0
5558;0
5559;4
5560;5
5561;5
5562;1
5563;1
5564;1
5565;1
5566;6
5567;3
5568;3
5569;7
5570;2
5571;2
5572;2
5573;0
5574;0
5575;0
5576;0
5577;0
5578;0
5579;5
5580;5
5581;4
5582;5
5583;5
5584;5
5585;5
5586;1
5587;6
5588;3
5589;4
5590;3
5591;7
5592;7
5593;7
5594;7
5595;2
5596;2
5597;2
5598;2
5599;2
5600;2
5601;2
5602;0
5603;0
5604;0
5605;5
5606;5
5607;4
5608;5
5609;5
5610;5
5611;5
5612;5
5613;1
5614;1
5615;1
5616;1
5617;6
5618;6
5619;6
5620;6
5621;7
5622;7
5623;7
5624;2
5625;2
5626;2
5627;2
5628;2
5629;2
5630;2
5631;2
5632;0
5633;0
5634;5
5635;5
5636;5
5637;5
5638;5
5639;1
5640;6
5641;6
5642;6
5643;6
5644;6
5645;3
5646;7
5647;2
5648;2
5649;2
5651;0
5652;0
5653;0
5654;0
5655;5
5656;5
5657;1
5658;1
5659;1
5660;3
5661;7
5662;7
5663;7
5664;7
5665;2
5666;2
5667;0
5668;0
5669;0
5670;0
5671;5
5672;5
5673;5
5674;5
5675;1
5676;1
5678;1
5679;6
5680;5
5681;5
5682;5
5683;3
5684;3
5685;7
5686;2
5687;2
5688;2
5689;2
5690;0
5691;0
5692;5
5693;4
5694;4
5695;5
5696;1
5697;1
5698;1
5699;1
5700;3
5701;7
5702;7
5703;2
5704;2
5705;2
5706;0
5707;0
5708;5
5709;4
5710;5
5711;5
5712;5
5713;5
5714;1
5715;1
5716;1
5717;1
5718;1
5719;6
5720;3
5721;7
5722;7
5723;2
5724;2
5725;2
5726;2
5727;2
5728;0
5729;0
5730;0
5731;0
5732;0
5733;0
5734;5
5735;5
5736;5
5737;1
5738;1
5739;1
5740;1
5741;1
5742;6
5744;3
5745;3
5746;7
5747;7
5748;2
5749;2
5750;0
5751;0
5752;0
5753;0
5754;5
5755;5
5756;1
5757;1
5758;3
5759;3
5760;3
5761;3
5762;7
5763;7
5764;2
5765;2
5766;2
5767;0
5768;0
5770;0
5771;5
5772;5
5773;5
5774;5
5775;1
5776;1
5777;1
5778;6
5779;6
5780;6
5781;6
5782;6
5783;3
5784;7
5785;2
5786;2
5787;0
5788;0
5789;0
5790;0
5791;5
5792;5
5793;4
5794;5
5795;1
5796;1
5797;1
5798;1
5799;6
5800;3
5801;3
5802;3
5803;7
5804;2
5805;2
5806;0
5807;0
5808;0
5809;0
5810;0
5811;0
5812;5
5813;5
5814;5
5815;1
5816;1
5817;1
5818;1
5819;6
5820;6
5821;3
5822;3
5823;7
5824;7
5825;7
5826;7
5827;2
5828;2
5830;0
5831;0
5832;0
5833;4
5834;5
5835;5
5836;1
5837;1
5838;1
5839;1
5840;6
5841;6
5842;3
5843;7
5844;7
5845;2
5846;2
5847;0
5848;0
5849;0
5850;0
5851;5
5852;5
5853;5
5854;5
5855;5
5856;4
5857;5
5858;5
5859;5
5860;5
5861;5
5862;5
5863;5
5864;5
5865;1
5866;1
5867;1
5868;1
5869;6
5870;6
5871;6
5872;3
5874;7
5875;2
5876;2
5877;2
5878;2
5879;2
5880;0
5881;0
5882;0
5883;0
5884;0
5885;5
5886;5
5887;1
5888;1
5889;1
5890;6
5891;4
5892;7
5893;7
5894;2
5895;2
5896;0
5897;5
5898;5
5899;5
5900;5
5901;1
5902;1
5903;1
5904;1
5905;6
5906;4
5907;3
5908;7
5909;7
5910;2
5911;2
5912;0
5913;5
5914;5
5915;5
5916;1
5917;1
5918;1
5919;1
5920;6
5921;6
5922;6
5923;6
5924;3
5925;7
5926;2
5927;0
5928;0
5929;0
5930;0
5931;5
5932;5
5933;5
5934;5
5935;1
5936;1
5937;1
5938;1
5939;6
5940;6
5941;6
5942;4
5943;7
5944;2
5945;2
5946;2
5947;0
5948;5
5949;5
5951;1
5952;1
5953;3
5954;3
5955;3
5956;3
5957;7
5958;7
5959;7
5960;2
5961;2
5962;2
5963;2
5964;0
5965;0
5966;5
5967;5
5968;1
5969;1
5970;6
5971;3
5972;7
5973;7
5974;7
5975;7
5976;7
5977;2
5978;2
5979;2
5980;0
5981;0
5982;0
5983;0
5984;5
5985;1
5986;6
5987;6
5988;3
5989;3
5990;2
5991;2
5992;2
5993;0
5994;0
5995;5
5996;5
5997;5
5998;5
5999;1
6000;6
6001;3
6002;4
6003;7
6004;7
6005;7
6006;2
6007;2
6008;2
6009;2
6010;0
6011;0
6012;0
6013;0
6014;5
6015;5
6016;4
6017;5
6018;5
6019;5
6020;1
6021;1
6022;1
6023;1
6024;6
6025;6
6026;6
6027;4
6028;3
6029;3
6030;2
6031;2
6032;2
6033;2
6034;2
6035;2
6036;2
6037;0
6038;0
6039;0
6040;4
6041;5
6042;1
6043;1
6044;1
6045;6
6046;3
6047;7
6048;7
6049;2
6050;2
6051;2
6052;2
6053;2
6054;0
6055;0
6056;0
6057;0
6058;0
6059;0
6060;5
6061;5
6062;5
6063;1
6064;1
6065;1
6066;6
6067;4
6069;2
6070;2
6071;2
6072;0
6073;0
6074;0
6075;0
6076;5
6077;5
6078;5
6079;5
6080;1
6081;1
6082;6
6083;6
6084;3
6085;3
6086;3
6087;3
6088;3
6089;7
6090;7
6091;7
6092;7
6093;7
6094;7
6095;2
6096;2
6097;2
6098;0
6099;0
6100;0
6101;0
6102;0
6103;5
6104;5
6105;5
6106;5
6107;5
6108;1
6109;1
6110;1
6111;1
6112;1
6113;6
6114;6
6115;6
6116;3
6117;3
6118;7
6119;7
6120;7
6121;2
6122;2
6123;2
6124;2
6125;2
6126;2
6127;0
6128;0
6129;0
6130;0
6132;0
6133;0
6134;5
6135;5
6136;5
6137;5
6138;5
6139;1
6140;6
6141;6
6142;6
6143;6
6144;6
6145;3
6146;3
6147;3
6148;3
6149;7
6150;2
6151;2
6152;2
6153;2
6154;2
6155;2
6156;2
6157;2
6158;0
6159;0
6160;0
6161;0
6162;0
6163;0
6164;5
6165;5
6166;5
6167;5
6168;5
6169;1
6170;6
6171;6
6172;3
6173;3
6174;3
6175;7
6176;7
6177;7
6178;7
6179;2
6180;2
6181;2
6182;2
6183;2
6184;2
6185;0
6186;0
6187;0
6188;0
6189;0
6190;5
6191;5
6192;1
6193;1
6194;3
6196;3
6198;7
6199;7
6200;7
6201;7
6202;0
6203;0
6204;5
6205;1
6206;1
6207;6
6208;3
6209;3
6210;7
6211;7
6212;2
6213;2
6214;2
6215;2
6216;2
6217;2
6218;2
6219;0
6220;0
6221;0
6222;0
6223;0
6224;5
6225;4
6226;5
6227;5
6228;1
6229;1
6230;1
6231;1
6232;6
6233;6
6234;6
6235;6
6236;3
6237;3
6238;3
6240;3
6241;7
6242;7
6243;7
6244;7
6245;7
6246;7
6247;7
6248;7
6249;7
6250;7
6251;2
6252;2
6253;2
6254;2
6255;2
6256;2
6257;2
6258;0
6259;5
6260;5
6261;5
6262;1
6263;1
6264;1
6265;6
6266;6
6267;7
6268;7
6269;7
6270;2
6271;2
6272;2
6273;2
6274;2
6275;2
6276;2
6277;0
6278;0
6279;0
6280;0
6281;0
6282;0
6283;0
6284;0
6285;5
6286;5
6287;5
6288;5
6289;5
6290;5
6291;1
6292;1
6293;1
6294;1
6295;1
6296;6
6297;6
6298;6
6299;6
6300;3
6301;3
6302;3
6303;7
6304;7
6305;7
6306;7
6307;7
6308;2
6309;2
6310;2
6311;2
6312;0
6313;0
6314;0
6315;0
6316;0
6317;0
6319;5
6320;5
6321;5
6322;1
6323;1
6324;1
6325;6
6326;6
6327;6
6328;4
6329;7
6330;7
6331;7
6332;2
6333;2
6334;2
6335;2
6336;2
6337;2
6338;0
6339;0
6340;0
6341;0
6342;0
6343;0
6344;0
6345;0
6346;0
6347;5
6348;5
6349;5
6350;5
6351;1
6352;1
6353;1
6354;1
6355;6
6356;6
6357;3
6358;3
6359;7
6360;7
6361;7
6362;2
6363;2
6364;2
6365;2
6366;2
6367;2
6368;2
6369;0
6370;0
6371;0
6372;0
6373;0
6374;5
6375;1
6376;1
6377;1
6378;6
6379;6
6380;6
6381;6
6382;3
6383;3
6384;3
6385;3
6386;7
6387;7
6388;7
6389;7
6390;7
6391;7
6392;7
6393;7
6394;2
6395;2
6396;2
6397;2
6398;2
6399;2
6400;0
6401;0
6402;0
6403;0
6404;5
6405;4
6406;1
6407;1
6409;1
6410;1
6411;1
6412;6
6413;6
6414;3
6415;3
6416;3
6417;7
6418;7
6419;7
6420;7
6421;7
6422;7
6423;2
6424;2
6425;2
6426;2
6427;0
6428;0
6429;0
6430;1
6431;1
6432;6
6433;3
6434;7
6435;7
6436;7
6437;7
6438;2
6441;2
6442;2
6443;2
6444;0
6445;0
6446;0
6448;0
6449;5
6450;4
6451;5
6452;5
6453;5
6454;1
6455;1
6456;1
6457;6
6458;6
6459;3
6460;3
6461;3
6462;3
6463;7
6464;2
6465;2
6466;2
6467;2
6468;2
6469;2
6470;0
6471;0
6472;0
6473;5
6474;5
6475;5
6476;1
6477;1
6478;1
6479;3
6480;3
6481;7
6482;7
6483;7
6484;2
6485;2
6486;2
6487;2
6488;2
6489;2
6490;0
6491;0
6492;0
6493;0
6494;0
6495;5
6496;5
6497;5
6498;1
6499;1
6500;1
6501;6
6502;3
6503;3
6504;3
6505;7
6506;7
6507;7
6508;2
6509;2
6511;0
6512;0
6513;0
6514;0
6515;5
6516;5
6517;4
6518;4
6519;1
6520;1
6521;3
6522;3
6524;7
6525;7
6526;2
6527;2
6528;2
6529;0
6530;0
6531;0
6532;5
6533;5
6534;5
6535;5
6536;5
6537;1
6538;1
6539;1
6540;1
6541;6
6542;3
6543;3
6544;7
6545;7
6546;2
6548;2
6549;2
6550;0
6551;0
6552;0
6553;5
6554;5
6555;5
6556;5
6557;5
6558;5
6559;5
6560;1
6561;1
6562;1
6563;6
6564;3
6565;3
6566;3
6567;3
6568;2
6569;2
6570;2
6571;2
6572;0
6573;0
6574;0
6575;0
6576;5
6577;5
6578;5
6579;5
6580;5
6581;1
6582;1
6583;6
6584;6
6585;6
6586;3
6587;3
6588;7
6589;2
6590;2
6591;0
6592;0
6593;5
6594;5
6595;5
6596;1
6597;1
6598;3
6599;7
6600;2
6601;0
6602;0
6603;5
6604;5
6605;1
6606;1
6607;1
6608;1
6609;3
6610;3
6611;7
6612;7
6613;2
6614;2
6615;0
6616;5
6617;5
6618;5
6619;1
6620;3
6621;7
6622;7
6623;2
6624;2
6625;2
6626;2
6627;0
6628;0
6629;0
6630;5
6631;5
6632;5
6633;5
6634;5
6635;1
6636;1
6637;6
6638;6
6639;6
6640;3
6641;3
6642;3
6643;3
6644;7
6645;7
6646;2
6647;2
6648;2
6649;2
6650;2
6651;0
6652;0
6653;0
6654;0
6655;5
6656;5
6657;1
6658;1
6659;1
6660;1
6661;6
6662;6
6663;3
6664;3
6665;7
6666;2
6667;2
6669;0
6670;0
6671;0
6672;0
6673;5
6674;4
6675;5
6676;1
6677;1
6678;1
6679;3
6680;3
6682;7
6683;7
6684;7
6685;7
6686;2
6687;2
6688;2
6689;2
6690;0
6691;0
6692;0
6693;5
6694;5
6695;5
6696;5
6697;5
6698;1
6699;1
6700;1
6701;6
6702;6
6703;6
6704;3
6705;3
6706;7
6707;2
6708;2
6709;2
6710;2
6711;0
6712;0
6713;0
6714;0
6715;0
6716;5
6717;5
6718;5
6719;5
6720;1
6721;1
6722;1
6723;6
6724;6
6725;6
6726;3
6727;3
6728;3
6729;7
6730;2
6731;0
6732;4
6733;5
6734;5
6735;5
6736;5
6737;5
6738;5
6739;1
6740;1
6741;1
6742;1
6743;1
6744;6
6745;6
6746;6
6747;6
6748;3
6750;7
6751;2
6752;2
6753;2
6754;0
6755;0
6756;0
6757;5
6758;5
6759;5
6760;5
6761;5
6762;1
6763;1
6764;1
6765;6
6766;6
6767;6
6768;6
6769;7
6770;7
6771;7
6772;2
6773;2
6774;2
6775;0
6776;0
6777;0
6778;5
6779;5
6780;5
6781;5
6782;1
6783;1
6784;1
6785;1
6786;1
6787;1
6788;1
6789;6
6790;6
6791;6
6792;6
6793;2
6794;0
6795;0
6796;0
6797;0
6798;5
6799;5
6800;1
6801;1
6802;1
6803;1
6804;6
6805;6
6806;3
6807;2
6808;2
6809;0
6810;0
6811;0
6812;0
6813;0
6814;0
6815;5
6816;5
6817;6
6818;6
6819;6
6820;7
6821;2
6822;2
6823;2
6824;0
6825;0
6826;0
6827;5
6828;1
6829;1
6831;3
6832;2
6833;0
6834;0
6835;0
6836;1
6837;1
6838;1
6839;1
6840;6
6841;7
6842;2
6843;2
6844;2
6845;0
6846;5
6847;5
6848;5
6849;5
6850;5
6851;1
6852;1
6853;1
6854;6
6855;7
6856;2
6857;2
6858;0
6859;0
6860;0
6861;0
6862;0
6863;5
6864;5
6865;1
6866;1
6867;1
6868;1
6869;1
6870;3
6871;7
6872;2
6873;2
6874;2
6875;2
6876;2
6877;0
6878;0
6879;5
6880;5
6881;6
6882;6
6883;2
6884;2
6885;2
6886;2
6888;0
6889;0
6890;0
6891;5
6892;1
6893;1
6894;3
6895;7
6896;2
6897;2
6898;0
6899;0
6900;5
6901;5
6902;5
6903;5
6904;4
6905;4
6906;5
6907;1
6908;1
6909;1
6910;1
6911;1
6912;1
6913;1
6914;1
6915;1
6916;1
6917;1
6918;1
6919;6
6920;6
6921;6
6922;3
6923;3
6924;2
6925;2
6926;2
6927;2
6928;0
6929;5
6930;6
6931;3
6932;3
6933;7
6934;2
6935;2
6936;2
6937;2
6938;0
6939;5
6940;5
6941;5
6942;1
6943;1
6944;3
6945;3
6946;3
6947;3
6948;7
6949;2
6950;2
6951;4
6952;5
6953;3
6954;3
6955;3
6956;2
6957;0
6958;5
6959;5
6960;4
6961;5
6962;6
6963;7
6964;0
6965;0
6966;0
6967;0
6968;0
6969;5
6970;6
6971;6
6972;3
6973;3
6974;2
6975;2
6976;4
6977;4
6978;5
6979;5
6980;5
6981;6
6982;6
6983;3
6984;7
6985;7
6986;2
6987;2
6988;2
6989;0
6990;5
6991;5
6992;5
6993;5
6994;1
6995;1
6996;6
6997;3
6998;3
6999;7
7000;2
7001;2
7002;2
7003;0
7004;0
7005;0
7006;4
7007;5
7008;5
7009;1
7010;1
7011;6
7012;6
7014;7
7015;2
7016;2
7017;2
7018;2
7019;2
7020;0
7021;0
7022;0
7023;5
7024;1
7025;1
7026;6
7027;6
7028;3
7029;7
7031;1
7032;1
7033;1
7034;6
7035;7
7036;7
7037;2
7038;2
7039;0
7040;0
7041;1
7042;7
7043;7
7044;2
7045;0
7046;1
7047;1
7048;6
7049;7
7050;7
7051;2
7052;2
7053;2
7054;2
7056;0
7057;5
7058;1
7059;1
7060;6
7061;3
7062;2
7063;2
7064;2
7065;2
7066;0
7067;5
7068;5
7069;5
7070;5
7071;5
7072;5
7073;5
7074;5
7075;5
7076;4
7077;5
7078;5
7079;5
7080;5
7081;5
7082;5
7083;1
7084;1
7085;1
7086;1
7087;1
7088;1
7089;1
7090;1
7091;1
7093;6
7094;6
7095;6
7096;6
7097;6
7098;6
7099;3
7100;3
7101;3
7102;3
7103;7
7104;7
7105;7
7106;7
7107;7
7108;2
7109;2
7110;2
7111;2
7112;2
7113;2
7114;2
7115;0
7116;0
7117;5
7118;1
7119;1
7120;3
7121;7
7122;7
7123;7
7124;5
7125;5
7126;3
7127;7
7128;7
7129;7
7130;7
7131;7
7132;7
7133;7
7134;7
7135;7
7136;7
7137;7
7139;2
7140;2
7141;2
7142;0
7143;0
7144;4
7145;7
7146;7
7147;2
7148;2
7149;0
7150;0
7151;0
7152;1
7153;1
7154;1
7155;1
7156;6
7157;7
7158;7
7159;7
7160;7
7161;7
7162;7
7163;7
7164;7
7166;7
7167;7
7168;7
7169;7
7171;7
7172;7
7173;7
7174;7
7175;7
7176;7
7177;2
7178;2
7179;2
7180;0
7181;0
7182;1
7183;1
7184;6
7185;6
7186;6
7187;6
7188;6
7189;3
7190;3
7193;7
7194;7
7195;2
7196;2
7197;2
7198;0
7199;0
7200;0
7201;5
7202;1
7203;1
7204;1
7206;6
7207;6
7208;6
7209;6
7210;6
7211;3
7212;2
7213;2
7214;2
7215;2
7216;0
7217;0
7218;5
7219;5
7220;5
7221;1
7222;1
7223;1
7224;1
7225;6
7226;6
7227;6
7228;6
7229;3
7230;7
7231;7
7232;7
7233;0
7234;0
7235;0
7236;5
7237;5
7238;5
7239;1
7240;1
7241;6
7242;6
7243;3
7244;3
7246;2
7247;2
7248;0
7249;0
7250;5
7251;5
7252;1
7253;1
7254;1
7255;1
7256;6
7257;6
7258;2
7259;2
7260;0
7261;0
7262;1
7263;6
7264;6
7265;6
7266;6
7267;6
7268;2
7269;2
7270;2
7271;2
7272;2
7273;2
7274;2
7275;2
7276;0
7277;0
7278;0
7279;1
7280;1
7281;1
7282;6
7283;6
7284;3
7285;7
7286;2
7287;0
7288;5
7289;5
7290;1
7291;1
7292;1
7293;1
7294;1
7295;3
7296;7
7297;7
7298;7
7299;2
7300;2
7301;2
7302;2
7303;2
7304;0
7305;0
7307;5
7308;5
7309;5
7310;2
7311;2
7312;2
7313;2
7315;0
7316;5
7317;5
7318;5
7319;6
7320;6
7321;6
7322;6
7323;6
7324;7
7325;2
7326;2
7327;2
7328;2
7330;2
7331;2
7332;2
7333;2
7334;2
7335;2
7336;0
7337;0
7338;0
7339;0
7340;5
7341;5
7342;6
7343;6
7344;6
7345;6
7346;6
7347;6
7348;6
7349;2
7350;2
7351;2
7353;0
7354;0
7355;0
7356;0
7358;0
7359;0
7360;5
7361;5
7362;1
7363;1
7364;1
7365;1
7366;6
7367;6
7368;2
7369;2
7370;0
7371;0
7372;5
7373;5
7374;5
7375;1
7376;6
7377;3
7378;3
7379;7
7380;0
7381;5
7382;5
7383;4
7384;5
7385;1
7386;1
7387;6
7388;6
7389;6
7390;2
7391;5
7392;1
7393;1
7394;1
7395;1
7396;6
7397;6
7398;2
7399;0
7400;0
7401;0
7402;0
7403;4
7404;1
7405;1
7406;6
7407;2
7408;2
7409;5
7410;6
7411;6
7412;6
7413;6
7414;6
7415;2
7416;2
7417;2
7418;2
7419;2
7420;2
7421;2
7422;0
7423;0
7424;4
7425;5
7426;1
7427;1
7428;1
7429;1
7430;1
7431;1
7432;6
7433;7
7434;2
7435;2
7436;2
7437;2
7438;0
7439;0
7440;0
7441;0
7442;5
7444;5
7445;1
7446;1
7447;1
7448;6
7449;6
7450;3
7451;3
7452;2
7453;2
7454;0
7455;0
7456;0
7457;5
7458;5
7459;5
7460;5
7461;6
7462;3
7463;7
7464;7
7465;2
7466;2
7467;0
7468;5
7469;5
7470;5
7471;1
7472;6
7473;6
7475;6
7476;7
7477;7
7478;2
7480;2
7481;2
7482;0
7483;0
7484;0
7485;0
7486;0
7487;0
7488;4
7489;5
7490;5
7491;5
7492;1
7493;1
7494;1
7495;6
7496;6
7497;6
7498;2
7499;2
7500;2
7501;2
7502;0
7503;0
7504;0
7505;4
7506;5
7507;5
7508;5
7509;5
7510;5
7511;5
7512;5
7513;5
7514;1
7515;6
7516;7
7517;7
7518;2
7519;2
7520;2
7521;2
7522;0
7523;0
7524;0
7525;4
7526;1
7527;1
7528;1
7529;1
7530;2
7531;2
7532;2
7533;2
7534;0
7535;0
7536;0
7537;4
7538;4
7539;4
7540;1
7541;1
7542;1
7543;6
7544;2
7545;0
7546;5
7547;5
7548;1
7549;1
7550;1
7551;1
7552;1
7554;6
7555;6
7556;6
7557;6
7559;0
7560;0
7561;0
7562;0
7563;0
7564;0
7565;0
7566;0
7567;0
7568;5
7569;5
7570;1
7571;1
7572;1
7573;6
7574;6
7575;7
7576;2
7577;2
7578;2
7579;2
7580;2
7582;0
7583;5
7584;1
7585;1
7586;1
7587;6
7588;6
7589;6
7590;6
7591;6
7592;6
7593;2
7594;2
7595;2
7596;2
7597;2
7598;2
7599;0
7600;5
7601;5
7602;5
7603;1
7604;1
7605;1
7606;1
7607;1
7608;1
7609;6
7610;6
7611;6
7612;7
7613;7
7614;7
7615;2
7616;2
7617;2
7618;2
7619;0
7620;0
7621;5
7622;5
7623;5
7624;1
7625;6
7627;3
7628;7
7629;7
7630;2
7631;2
7632;2
7633;0
7634;0
7635;0
7636;0
7637;1
7638;7
7639;2
7640;0
7641;5
7642;5
7643;1
7644;6
7645;6
7646;6
7647;3
7648;3
7649;7
7650;7
7651;7
7652;2
7653;2
7654;0
7655;0
7656;5
7657;5
7658;1
7659;1
7660;1
7661;1
7662;1
7663;6
7664;6
7665;6
7666;6
7668;1
7669;1
7670;6
7671;7
7672;2
7673;2
7674;0
7675;0
7676;0
7677;0
7678;5
7679;5
7681;5
7682;1
7683;1
7684;2
7685;2
7686;2
7687;2
7688;0
7689;0
7690;4
7691;5
7692;6
7693;6
7694;2
7695;2
7696;2
7697;2
7698;0
7699;0
7700;0
7701;6
7702;6
7703;6
7704;6
7705;2
7706;2
7707;0
7708;0
7709;0
7710;5
7711;5
7712;5
7713;6
7714;6
7715;6
7716;7
7717;2
7718;0
7719;0
7720;5
7721;4
7722;5
7723;5
7724;1
7725;6
7726;6
7727;2
7728;0
7729;0
7730;0
7731;0
7732;5
7733;1
7734;1
7736;7
7737;2
7738;2
7739;2
7740;2
7741;5
7742;5
7743;5
7744;1
7745;1
7746;6
7747;7
7748;2
7749;2
7750;0
7751;5
7752;5
7753;1
7754;1
7755;1
7756;1
7757;1
7758;6
7759;6
7760;7
7761;2
7762;2
7763;2
7764;0
7765;5
7766;5
7767;5
7768;5
7769;5
7770;2
7771;2
7772;2
7773;0
7774;0
7775;0
7776;0
7777;0
7778;5
7779;5
7780;1
7781;1
7782;1
7783;1
7785;6
7786;6
7787;6
7788;6
7789;2
7790;0
7791;0
7792;0
7793;0
7794;1
7795;1
7796;1
7797;1
7798;1
7799;6
7800;2
7801;2
7802;2
7803;2
7804;5
7805;4
7806;4
7807;5
7808;5
7809;1
7810;1
7811;1
7812;1
7813;6
7814;6
7815;6
7817;2
7818;2
7819;0
7820;5
7821;1
7822;6
7823;6
7824;3
7826;2
7827;2
7828;2
7829;0
7830;0
7831;5
7832;5
7833;5
7834;4
7835;5
7836;5
7837;5
7838;1
7839;1
7840;1
7841;6
7842;6
7843;2
7844;2
7845;0
7846;0
7847;0
7848;0
7849;0
7850;0
7851;5
7852;5
7853;5
7854;1
7855;1
7856;1
7857;1
7858;6
7859;7
7860;7
7861;2
7862;2
7863;0
7864;5
7865;5
7866;5
7867;4
7868;4
7869;1
7870;1
7871;6
7872;6
7873;0
7874;1
7875;1
7876;1
7877;6
7878;6
7879;6
7880;6
7881;3
7882;3
7883;7
7884;2
7885;2
7886;2
7887;2
7888;2
7889;2
7891;0
7892;0
7893;0
7894;0
7895;0
7896;5
7897;5
7898;5
7899;5
7901;1
7902;7
7903;7
7904;2
7905;2
7906;2
7909;2
7910;2
7911;2
7912;2
7913;0
7914;0
7915;5
7916;5
7917;5
7918;5
7919;5
7920;5
7921;1
7922;1
7923;1
7924;1
7925;1
7926;1
7927;6
7928;6
7929;6
7930;6
7931;6
7932;6
7933;6
7934;2
7935;2
7936;2
7937;2
7938;2
7939;2
7940;2
7941;2
7942;0
7943;0
7944;0
7945;0
7946;0
7947;0
7948;5
7949;5
7950;1
7951;1
7952;1
7953;1
7954;1
7955;1
7956;1
7957;1
7958;1
7959;1
7961;7
7962;7
7963;7
7964;2
7965;2
7966;2
7967;2
7968;2
7969;2
7970;2
7971;5
7972;5
7973;5
7974;5
7975;5
7976;5
7977;5
7978;1
7979;1
7980;1
7981;1
7982;1
7983;6
7984;6
7985;3
7986;7
7987;2
7988;0
7989;0
7990;5
7991;5
7992;5
7993;5
7994;5
7995;5
7996;1
7997;1
7998;6
7999;3
8000;7
8001;7
8002;2
8003;2
8004;2
8005;2
8006;2
8007;2
8008;2
8009;0
8010;0
8011;0
8012;0
8013;5
8014;5
8015;5
8016;5
8017;5
8018;4
8019;5
8020;5
8021;1
8022;1
8023;1
8024;1
8026;1
8027;1
8028;6
8029;3
8031;7
8032;2
8033;2
8034;2
8035;2
8036;2
8037;2
8038;0
8039;0
8040;5
8041;5
8042;5
8043;5
8044;1
8045;1
8046;1
8047;1
8048;1
8049;6
8050;3
8051;3
8052;7
8053;7
8054;2
8055;2
8056;0
8057;0
8059;1
8060;1
8061;1
8062;3
8063;7
8064;7
8065;7
8066;7
8067;2
8068;2
8069;2
8070;2
8071;2
8072;0
8073;0
8074;0
8075;0
8076;0
8077;0
8078;5
8079;5
8080;5
8081;5
8082;5
8083;5
8084;1
8085;6
8086;6
8087;6
8088;2
8089;2
8090;2
8093;0
8094;0
8095;5
8096;5
8097;5
8098;1
8099;6
8100;3
8101;2
8102;2
8103;2
8104;2
8105;0
8106;0
8107;0
8108;5
8109;5
8110;5
8111;5
8112;5
8113;5
8114;5
8115;5
8116;5
8117;5
8118;5
8119;6
8120;6
8121;6
8122;3
8123;7
8124;2
8125;2
8126;2
8127;2
8128;2
8129;2
8130;0
8131;0
8132;5
8133;5
8134;5
8135;1
8136;1
8137;1
8138;1
8140;6
8141;6
8142;6
8143;7
8144;7
8145;2
8146;2
8147;0
8148;0
8149;0
8150;0
8151;5
8152;5
8153;5
8154;5
8156;5
8157;1
8158;1
8159;1
8160;6
8161;6
8162;6
8163;6
8164;3
8165;3
8166;7
8167;2
8168;2
8169;2
8170;2
8172;0
8173;0
8174;0
8175;0
8176;0
8177;0
8178;5
8179;5
8180;1
8181;1
8182;1
8183;1
8184;6
8185;6
8186;6
8187;2
8188;2
8189;2
8190;0
8191;0
8192;0
8193;0
8194;0
8195;5
8196;5
8197;5
8198;1
8199;1
8200;6
8201;6
8202;6
8203;6
8204;7
8205;7
8206;2
8207;2
8209;0
8210;5
8211;4
8212;5
8213;1
8214;1
8215;1
8217;7
8218;2
8219;2
8220;0
8222;7
8223;7
8224;7
8225;2
8226;0
8227;0
8228;0
8229;5
8230;5
8231;5
8232;5
8233;5
8234;1
8235;1
8236;6
8237;6
8238;6
8239;3
8240;3
8241;2
8242;2
8243;2
8244;2
8245;2
8246;2
8247;0
8248;5
8249;5
8250;1
8251;1
8252;1
8253;6
8254;3
8255;3
8256;7
8257;7
8258;7
8259;2
8260;2
8261;2
8262;2
8263;0
8264;0
8265;5
8266;5
8268;5
8269;4
8270;5
8271;1
8272;1
8274;1
8275;6
8276;6
8280;7
8282;2
8283;2
8285;0
8286;0
8287;5
8288;5
8289;5
8290;1
8291;1
8293;1
8294;1
8295;6
8297;2
8298;2
8299;2
8300;2
8301;2
8302;2
8304;0
8305;0
8306;0
8307;0
8308;5
8310;5
8311;4
8313;1
8314;1
8315;1
8350;0
8381;5
8382;5
8507;2
8513;1
8593;2
8603;7
8607;2
8610;1
8611;1
8636;5
8642;1
8643;6
8676;5
8677;5
8678;5
8687;7
8695;7
8701;5
8702;5
8703;5
8711;0
8714;0
8723;6
8724;3
8728;7
8729;2
8730;2
8731;2
8734;2
8735;2
8740;0
8748;6
8754;1
8768;1
8781;1
8804;1
8807;6
8822;1
8835;5
8837;1
8838;6
8849;6
8861;4
8865;1
8870;6
8872;3
8893;1
8894;6
8898;2
8909;3
8914;2
8915;2
8916;2
8934;1
8962;0
8963;0
8967;1
8980;1
8989;2
8999;0
9009;1
9018;5
9023;2
9027;1
9030;6
9032;0
9034;0
9035;0
9036;0
9038;6
9040;2
9051;6
9052;6
9053;6
9103;2
9104;2
9106;2
9108;0
9109;0
9110;0
9111;0
9118;7
9119;7
9120;2
9121;2
9129;5
9130;5
9131;5
9134;1
9138;6
9141;7
9146;2
9147;2
9149;2
9150;2
9156;1
9157;1
9158;1
9162;2
9163;2
9164;2
9168;5
9176;6
9177;6
9189;0
9200;7
9202;2
9203;2
9204;2
9206;0
9209;4
9210;4
9215;6
9221;1
9223;6
9224;6
9225;6
9227;7
9229;7
9232;2
9237;0
9242;4
9243;5
9244;1
9247;1
9264;0
9272;7
9280;5
9286;1
9290;4
9293;2
9295;0
9299;5
9305;6
9306;6
9307;6
9308;6
9317;1
9323;4
9324;5
9325;5
9336;2
9337;2
9343;1
9344;1
9348;6
9838;1
9839;6
9840;3
9841;2
9842;1
9843;6
9844;6
9845;6
9846;0
9847;1
9848;5
9849;2
9850;2
9851;5
9852;1
9853;1
9854;3
9855;3
9856;0
9857;6
9858;6
9859;0
9860;1
9861;5
9862;6
9863;7
9864;1
9865;1
9866;6
9867;6
9869;7
9870;5
9871;5
9872;1
9873;1
9874;0
9875;0
9876;5
9877;1
9878;1
9879;6
9880;7
9881;2
9882;5
9883;7
9884;5
9885;1
9886;1
9887;1
9888;7
9889;5
9890;1
9891;6
9892;2
9893;2
9894;0
9895;1
9896;0
9897;7
9898;0
9899;0
9900;1
9901;6
9902;2
9903;4
9904;1
9905;1
9906;1
9907;1
9908;1
9909;4
9910;7
9911;2
9912;0
9913;0
9914;5
9915;4
9917;1
9918;6
9919;7
9920;5
9921;1
9922;7
9923;7
9924;2
9925;2
9926;6
9927;6
9928;2
9929;0
9930;0
9931;5
9932;3
9933;2
9934;2
9935;5
9936;1
9937;7
9938;2
9939;0
9940;5
9941;5
9942;1
9943;1
9944;2
9945;2
9946;5
9947;1
9948;3
9949;5
9950;5
9951;1
9952;6
9953;7
9954;2
9955;0
9956;5
9957;1
9958;1
9959;7
9960;2
9961;0
9962;5
9963;5
9964;1
9965;6
9966;2
9967;5
9968;7
9969;2
9970;1
9971;2
9972;2
9973;5
9974;5
9975;1
9976;3
9977;2
9978;1
9979;1
9980;2
9981;2
9982;1
9983;6
9984;6
9985;7
9986;7
9987;6
9988;7
9989;5
9990;6
9991;0
9992;5
9993;6
9994;2
9995;0
9996;0
9997;2
9998;2
10000;0
10001;5
10002;5
10003;6
10004;3
10005;2
10006;2
10007;1
10008;1
10009;1
10010;2
10011;0
10012;5
10013;6
10014;6
10015;2
10016;2
10017;5
10018;5
10019;5
10020;6
10021;6
10022;2
10023;2
10024;2
10025;5
10026;7
10027;5
10028;5
10029;5
10030;1
10032;1
10033;1
10034;1
10035;6
10036;7
10037;2
10038;0
10039;6
10040;1
10041;0
10042;5
10043;1
10044;6
10045;7
10047;1
10048;1
10049;1
10050;1
10051;6
10052;0
10053;0
10054;6
10055;1
10056;1
10057;1
10058;7
10059;2
10060;5
10061;5
10062;1
10063;3
10064;3
10065;2
10066;0
10067;6
10068;4
10069;6
10070;2
10071;5
10072;1
10073;6
10074;6
10075;6
10076;6
10077;3
10078;2
10079;1
10080;7
10081;0
10082;0
10083;1
10084;1
10085;7
10086;7
10087;0
10088;0
10089;5
10090;1
10091;1
10092;0
10093;0
10094;1
10095;1
10096;6
10097;7
10098;7
10099;2
10100;2
10101;0
10102;4
10103;5
10104;1
10105;6
10106;7
10107;5
10108;5
10109;1
10110;6
10111;6
10112;5
10113;5
10114;6
10115;2
10116;2
10117;2
10118;5
10119;1
10120;1
10121;2
10123;7
10124;2
10126;5
10127;5
10128;1
10129;6
10130;3
10131;2
10132;2
10133;2
10134;0
10135;5
10136;1
10137;6
10138;3
10139;3
10140;7
10141;2
10142;1
10143;6
10144;6
10145;7
10146;2
10147;0
10148;5
10149;6
10150;2
10151;0
10152;5
10153;1
10154;6
10155;2
10156;2
10157;6
10158;2
10159;6
10160;3
10161;7
10162;2
10163;3
10164;4
10165;7
10166;1
10167;1
10168;3
10169;7
10170;7
10171;0
10172;5
10173;5
10174;7
10175;1
10176;6
10177;2
10178;1
10179;1
10180;6
10181;3
10182;7
10183;0
10184;5
10185;5
10186;1
10187;2
10188;2
10189;5
10190;5
10191;1
10192;5
10193;6
10194;0
10195;3
10196;3
10197;7
10198;1
10199;3
10200;7
10201;2
10202;2
10203;1
10204;6
10205;3
10206;7
10207;1
10208;1
10209;3
10210;7
10211;2
10212;0
10213;5
10214;1
10215;1
10216;6
10217;7
10218;1
10219;1
10220;0
10221;5
10222;5
10223;1
10224;6
10225;6
10226;6
10227;2
10228;5
10229;1
10230;6
10231;2
10232;2
10233;0
10234;5
10235;6
10236;0
10237;0
10238;5
10239;6
10240;3
10241;7
10242;2
10243;1
10244;6
10245;6
10246;0
10247;5
10248;1
10249;1
10250;6
10251;3
10252;0
10253;0
10254;5
10255;5
10256;5
10257;7
10258;7
10259;0
10260;1
10261;1
10262;3
10263;3
10264;7
10265;2
10266;0
10267;5
10268;1
10269;2
10270;0
10271;5
10272;1
10273;6
10274;0
10275;0
10276;2
10277;5
10278;7
10279;4
10281;0
10282;2
10283;2
10284;3
10285;0
10286;5
10287;2
10288;5
10289;1
10291;5
10295;5
10296;3
10297;1
10298;7
10299;0
10300;5
10301;5
10302;1
10303;6
10304;1
10305;5
10306;2
10307;5
10308;5
10309;5
10310;6
10311;0
10312;0
10313;1
10314;3
10315;3
10316;0
10317;4
10318;0
10319;6
10320;0
10321;0
10322;6
10323;7
10324;2
10325;2
10326;0
10327;5
10328;5
10329;3
10330;7
10331;2
10332;2
10333;5
10334;5
10335;1
10336;3
10337;7
10338;7
10339;0
10340;1
10341;6
10342;7
10343;0
10344;7
10345;2
10346;5
10347;2
10348;5
10349;5
10350;7
10351;5
10352;4
10353;6
10354;6
10355;0
10356;0
10357;5
10358;2
10359;5
10360;4
10361;1
10362;6
10363;0
10364;6
10365;7
10366;0
10367;5
10368;5
10369;7
10370;5
10371;7
10372;1
10373;0
10374;0
10375;3
10376;5
10377;5
10378;3
10379;2
10380;6
10381;3
10382;2
10383;2
10384;0
10385;1
10386;2
10387;0
10388;6
10389;2
10390;6
10391;3
10392;7
10393;7
10394;7
10395;2
10396;1
10398;5
10399;6
10400;2
10401;7
10402;7
10403;2
10404;1
10405;7
10406;2
10407;0
10408;7
10409;2
10410;1
10411;2
10412;0
10413;5
10414;0
10415;4
10416;6
10417;7
10418;2
10419;0
10420;3
10421;7
10422;7
10423;2
10424;0
10425;5
10426;1
10427;1
10428;1
10429;7
10430;1
10432;6
10433;7
10434;2
10435;0
10436;5
10437;1
10438;1
10439;3
10440;2
10441;5
10442;5
10443;1
10444;1
10445;3
10446;7
10447;2
10448;0
10449;0
10450;5
10451;1
10452;6
10453;7
10454;7
10455;0
10456;5
10457;1
10458;0
10459;5
10460;2
10461;0
10462;6
10463;0
10464;5
10465;6
10467;0
10468;1
10469;0
10470;1
10471;5
10472;5
10473;0
10474;0
10475;5
10476;6
10477;7
10478;7
10479;0
10480;6
10481;7
10482;2
10483;5
10484;6
10485;2
10486;6
10487;6
10488;2
10489;5
10490;7
10491;0
10492;5
10493;6
10494;2
10495;5
10496;2
10497;2
10498;0
10499;0
10500;1
10501;1
10502;1
10503;6
10504;5
10505;1
10506;5
10507;7
10508;2
10509;0
10510;0
10511;1
10512;2
10513;1
10514;5
10515;7
10516;1
10517;2
10518;5
10519;1
10520;2
10521;5
10522;7
10523;0
10524;0
10525;1
10526;6
10527;7
10528;5
10529;0
10530;1
10531;6
10532;6
10533;0
10534;1
10535;7
10536;0
10537;1
10538;0
10539;5
10540;2
10541;5
10542;5
10543;1
10544;0
10545;5
10546;1
10547;7
10548;2
10549;0
10550;5
10551;7
10552;2
10553;0
10554;5
10555;5
10556;1
10557;1
10558;6
10559;2
10560;1
10561;1
10562;3
10563;7
10564;7
10565;2
10566;0
10567;5
10568;5
10569;1
10570;7
10571;2
10572;2
10573;2
10574;1
10575;6
10576;2
10577;2
10578;5
10579;6
10580;2
10581;2
10582;0
10583;5
10584;7
10585;2
10586;0
10587;5
10588;5
10589;1
10590;6
10591;7
10592;0
10593;1
10594;1
10595;2
10596;5
10597;1
10598;6
10599;6
10600;2
10601;2
10602;0
10603;6
10604;2
10605;1
10606;6
10607;1
10608;6
10609;6
10610;7
10611;2
10612;4
10613;5
10614;1
10615;6
10616;2
10617;0
10618;1
10619;6
10620;0
10621;5
10622;1
10623;2
10624;6
10625;2
10626;0
10627;6
10628;3
10629;0
10630;5
10631;5
10632;1
10633;6
10634;0
10635;5
10636;1
10637;6
10638;1
10639;3
10640;0
10641;6
10642;2
10643;0
10644;5
10645;2
10646;0
10647;1
10648;2
10649;0
10650;1
10651;2
10653;5
10654;1
10655;6
10656;3
10658;2
10659;0
10660;1
10661;1
10662;6
10663;7
10664;2
10665;0
10666;5
10667;6
10668;7
10669;2
10670;0
10671;6
10672;0
10673;1
10674;0
10675;5
10676;2
10677;2
10678;3
10679;1
11363;5
11364;6
11365;2
11366;5
11367;6
11368;6
11369;2
11370;1
11371;6
11372;7
11373;0
11375;1
11376;7
11377;7
11378;1
11379;6
11380;7
11381;0
11383;6
11384;0
11385;5
11386;5
11387;6
11388;3
11389;2
11390;5
11391;6
11392;2
11393;0
11394;5
11395;6
11396;2
11397;5
11398;5
11399;6
11400;7
11401;2
11402;1
11403;1
11404;6
11405;2
11406;2
11407;0
11408;6
11409;2
11410;5
11411;1
11412;3
11413;2
11414;5
11415;1
11416;1
11417;6
11418;5
11419;1
11420;6
11421;7
11422;0
11423;1
11424;1
11425;7
11426;7
11427;0
11428;5
11429;1
11430;2
11431;0
11433;3
11434;0
11435;1
11436;1
11437;5
11438;3
11439;2
11440;0
11441;1
11442;2
11443;0
11444;1
11445;7
11446;2
11447;5
11448;1
11449;2
11450;5
11451;1
11452;1
11453;7
11454;2
11455;5
11456;7
11457;5
11458;3
11459;5
11460;5
11461;7
11462;2
11463;1
11464;4
11465;7
11466;5
11467;5
11468;2
11469;5
11470;1
11471;1
11472;0
11473;1
11474;0
11475;5
11476;1
11477;7
11478;2
11479;2
11480;5
11481;1
11482;3
11483;7
11484;0
11485;0
11486;5
11487;2
11488;0
11489;1
11490;6
11491;0
11492;5
11493;1
11494;6
11495;6
11496;2
11497;2
11498;5
11499;5
11500;6
11501;3
11502;0
11503;0
11504;5
11505;1
11506;6
11507;6
11508;7
11509;2
11510;0
11511;0
11512;5
11513;1
11514;7
11515;5
11516;5
11517;1
11518;1
11519;6
11520;2
11521;0
11522;0
11523;5
11524;6
11525;2
11526;0
11527;0
11528;5
11529;1
11530;1
11531;1
11532;6
11533;6
11534;0
11535;1
11536;1
11537;2
11538;5
11539;5
11540;3
11541;0
11542;5
11543;5
11544;1
11545;6
11546;6
11547;7
11548;2
11549;2
11550;5
11551;1
11552;1
11553;6
11554;3
11555;7
11556;2
11557;2
11558;2
11559;2
11560;2
11561;0
11562;0
11563;7
11564;5
11565;2
11566;1
11567;2
11568;3
11569;2
11570;0
11571;6
11572;3
11573;7
11574;6
11575;3
11576;5
11577;3
11578;2
11579;2
11580;1
11581;1
11582;1
11583;2
11584;2
11585;0
11586;5
11587;5
11588;1
11589;7
11590;5
11591;1
11592;6
11593;7
11594;1
11595;1
11596;1
11597;1
11598;1
11599;1
11600;4
11601;1
11602;1
11604;6
11605;6
11606;2
11607;2
11608;4
11609;5
11610;1
11611;4
11612;7
11613;2
11614;2
11615;5
11616;1
11618;7
11619;7
11620;2
11621;2
11622;2
11623;4
11624;1
11625;6
11627;2
11628;0
11629;4
11630;1
11631;4
11632;3
11633;7
11634;7
11635;2
11636;0
11637;5
11638;5
11639;4
11640;1
11641;6
11642;6
11643;7
11644;7
11645;2
11646;0
11647;0
11648;1
11650;7
11651;2
11652;4
11653;4
11654;5
11655;1
11656;6
11657;2
11658;0
11659;4
11660;1
11661;4
11662;4
11663;2
11664;0
11665;4
11666;1
11668;4
11669;2
11670;4
11671;4
11672;1
11673;6
11675;4
11676;0
11677;5
11678;4
11679;1
11680;4
11681;2
11682;0
11683;0
11684;0
11685;5
11686;4
11687;4
11688;1
11689;1
11690;1
11691;6
11692;6
11693;6
11694;2
11695;0
11696;4
11697;1
11698;6
11699;3
11700;7
11701;2
11702;0
11703;4
11704;1
11705;4
11706;0
11707;0
11708;4
11709;1
11711;7
11712;2
11713;0
11714;4
11715;1
11716;6
11718;6
11719;2
11720;2
11721;4
11722;4
11723;1
11724;1
11725;6
11726;6
11727;6
11728;2
11729;4
11730;4
11731;6
11732;2
11733;0
11734;4
11735;1
11736;6
11737;6
11738;6
11739;7
11740;4
11741;0
11742;4
11743;1
11744;2
11745;2
11746;0
11747;1
11748;6
11749;6
11750;2
11751;4
11752;4
11753;6
11754;2
11755;4
11756;0
11757;4
11758;1
11759;4
11760;4
11761;0
11762;4
11763;1
11764;6
11765;6
11766;2
11768;0
11769;4
11772;6
11773;6
11774;3
11775;2
11777;0
11778;5
11779;1
11780;6
11781;2
11782;0
11783;4
11784;1
11785;6
11786;2
11787;0
11788;4
11789;1
11790;6
11791;4
11792;0
11793;4
11794;1
11795;6
11796;4
11797;2
11798;0
11799;5
11800;4
11801;6
11802;3
11803;7
11804;2
11805;5
11806;4
11807;1
11808;6
11809;3
11810;7
11811;2
11812;0
11813;0
11814;4
11815;1
11816;6
11817;2
11818;0
11819;0
11820;4
11821;1
11823;4
11824;7
11825;0
11826;4
11828;1
11829;2
11830;0
11831;4
11832;1
11833;4
11834;2
11835;2
11836;2
11837;0
11838;0
11839;4
11840;6
11841;2
11842;0
11843;4
11844;4
11845;4
11846;1
11847;6
11848;6
11849;2
11850;0
11851;5
11852;5
11853;4
11854;6
11855;6
11858;5
11860;1
11861;4
11862;7
11863;0
11864;1
11866;3
11867;2
11868;0
11869;0
11870;0
11871;1
11872;6
11873;2
11874;0
11875;4
11877;4
11878;4
11879;4
11880;4
11881;4
11882;6
11883;2
11884;0
11886;1
11887;1
11888;6
11890;0
11891;5
11892;4
11893;6
11894;7
11896;2
11897;0
11898;0
11899;0
11901;6
11902;2
11903;4
11904;5
11905;6
11906;2
11907;0
11908;5
11909;4
11910;1
11911;1
11912;6
11913;2
11914;4
11915;0
11916;1
11917;6
11918;6
11919;2
11920;0
11921;0
11922;5
11923;1
11924;1
11926;6
11927;6
11928;3
11929;4
11930;4
11931;1
11933;2
11934;2
11935;0
11936;5
11937;5
11938;1
11939;6
11940;6
11941;2
11942;2
11943;0
11944;0
11945;0
11946;5
11947;1
11948;4
11949;0
11950;0
11951;0
11952;0
11953;5
11954;4
11955;4
11956;6
11957;2
11958;2
11959;0
11960;0
11961;4
11962;4
11963;6
11964;6
11965;3
11966;7
11967;2
11968;0
11969;5
11970;4
11972;0
11973;4
11974;1
11975;6
11976;6
11977;2
11978;0
11979;5
11980;4
11981;1
11982;1
11983;6
11984;6
11985;2
11986;0
11987;4
11988;6
11991;0
11992;0
11993;1
11994;6
11995;2
11996;2
11997;0
11998;4
11999;5
12000;1
12001;6
12002;6
12003;6
12004;2
12005;2
12006;2
12007;2
12009;4
12010;1
12012;4
12013;6
12015;6
12016;6
12017;7
12018;7
12019;2
12020;0
12021;0
12022;4
12023;1
12024;6
12025;7
12026;7
12027;2
12028;4
12029;4
12030;1
12031;6
12032;7
12033;2
12034;4
12035;1
12036;6
12037;6
12038;3
12039;7
12040;2
12041;0
12042;5
12043;1
12044;6
12045;2
12046;0
12047;0
12048;5
12049;5
12050;1
12051;6
12052;6
12053;2
12054;0
12055;0
12056;0
12057;5
12058;1
12059;6
12060;2
12061;4
12062;1
12063;1
12064;4
12065;7
12066;7
12067;2
12068;0
12069;4
12070;1
12071;4
12072;6
12074;0
12075;4
12076;1
12077;6
12078;2
12079;2
12080;0
12081;4
12082;4
12083;6
12084;7
12085;2
12086;4
12087;1
12088;1
12089;6
12090;2
12091;0
12092;0
12093;4
12094;4
12095;1
12096;6
12097;6
12098;6
12099;2
12100;2
12101;2
12102;2
12103;0
12104;4
12105;1
12106;1
12107;6
12108;6
12109;3
12110;2
12111;0
12112;4
12113;1
12114;6
12115;2
12116;0
12117;0
12118;4
12119;1
12120;6
12121;6
12122;2
12123;2
12124;0
12125;4
12126;1
12127;1
12128;6
12129;2
12130;2
12131;0
12132;5
12133;1
12134;1
12135;6
12137;7
12138;7
12139;2
12140;0
12141;0
12142;4
12143;1
12144;1
12145;4
12146;1
12147;6
12148;2
12149;2
12150;2
12151;4
12152;1
12153;1
12154;1
12156;7
12157;2
12158;0
12159;5
12160;1
12161;1
12162;6
12163;2
12164;0
12165;5
12166;4
12167;4
12168;6
12169;2
12170;0
12171;4
12172;1
12173;4
12174;0
12175;4
12176;2
12177;0
12178;5
12179;1
12180;4
12181;2
12182;2
12183;0
12184;0
12185;0
12186;4
12187;4
12188;1
12189;4
12190;7
12191;7
12192;4
12193;5
12194;4
12195;1
12196;1
12197;1
12198;6
12199;6
12200;3
12201;2
12202;4
12203;4
12204;5
12205;1
12206;1
12207;6
12208;3
12209;6
12210;7
12211;2
12212;2
12213;0
12214;0
12215;1
12216;6
12217;6
12218;3
12219;2
12220;0
12221;5
12222;1
12223;6
12224;7
12225;7
12226;2
12227;0
12229;1
12230;1
12231;1
12233;7
12234;2
12235;0
12236;4
12237;1
12238;6
12239;2
12240;0
12241;4
12242;1
12243;6
12244;3
12245;7
12246;2
12247;0
12248;4
12249;1
12250;6
12252;0
12253;5
12254;4
12255;5
12256;1
12257;4
12258;2
12259;0
12260;1
12261;6
12262;4
12263;4
12264;2
12265;2
12266;0
12267;4
12268;4
12270;6
12271;6
12272;6
12273;7
12274;4
12275;0
12276;5
12277;4
12278;1
12279;7
12280;2
12281;0
12282;4
12283;4
12284;1
12285;6
12286;3
12289;2
12293;1
12294;6
12295;3
12297;2
12298;0
12299;5
12300;4
12301;6
12302;7
12303;7
12304;2
12305;0
12306;0
12307;0
12309;5
12310;1
12311;6
12312;2
12313;0
12314;4
12315;4
12316;3
12317;7
12318;2
12319;0
12320;4
12321;1
12322;6
12323;6
12324;7
12325;2
12326;0
12327;0
12329;1
12330;1
12331;6
12332;3
12333;7
12334;0
12335;0
12336;5
12337;1
12338;1
12339;6
12340;3
12341;2
12342;4
12343;1
12344;6
12345;2
12346;4
12347;6
12348;2
12349;2
12350;2
12351;4
12353;1
12355;2
12356;4
12357;5
12359;1
12360;6
12361;3
12362;2
12363;0
12364;4
12365;1
12366;4
12367;3
12368;4
12369;3
12372;0
12373;5
12374;1
12375;6
12376;2
12377;4
12378;4
12379;1
12380;1
12381;6
12382;7
12383;2
12384;2
12385;0
12386;5
12387;1
12388;6
12389;7
12390;2
12391;0
12392;4
12393;1
12394;6
12395;2
12396;0
12397;4
12398;1
12400;6
12401;3
12402;3
12403;3
12404;4
12405;0
12406;4
12408;1
12409;6
12412;4
12413;6
12414;4
12415;4
12416;2
12417;0
12418;4
12419;1
12420;6
12421;6
12422;6
12423;0
12424;5
12425;1
12426;6
12427;2
12428;2
12429;0
12430;4
12431;1
12432;2
12433;2
12434;0
12435;5
12436;4
12438;2
12439;0
12440;4
12441;1
12442;6
12443;4
12444;2
12445;0
12446;4
12447;1
12448;6
12449;3
12450;4
12451;0
12452;4
12453;4
12454;1
12455;6
12456;3
12457;2
12458;0
12459;4
12460;1
12461;6
12462;4
12463;2
12464;0
12465;0
12466;5
12467;4
12468;1
12469;6
12470;6
12471;2
12472;0
12473;4
12474;1
12475;6
12477;2
12478;0
12479;4
12480;1
12481;6
12482;4
12483;2
12484;0
12485;5
12486;1
12487;6
12488;3
12489;2
12490;0
12491;4
12492;1
12493;6
12494;6
12495;7
12496;2
12497;2
12498;0
12499;4
12500;1
12501;6
12502;4
12503;2
12504;0
12505;5
12506;1
12507;6
12508;7
12509;2
12510;0
12511;5
12512;1
12513;6
12514;6
12515;4
12516;2
12517;0
12518;4
12519;1
12520;6
12521;7
12522;7
12523;2
12524;2
12525;0
12526;4
12527;1
12528;6
12529;7
12530;2
12531;0
12532;4
12533;1
12534;6
12535;6
12536;4
12537;3
12538;3
12539;7
12540;2
12541;2
12542;0
12543;4
12544;1
12545;6
12547;3
12548;7
12549;0
12550;4
12551;4
12552;6
12553;3
12554;7
12555;7
12556;2
12557;2
12558;0
12559;5
12560;4
12561;1
12562;6
12563;3
12564;4
12566;2
12567;2
12568;0
12569;5
12570;5
12571;1
12573;3
12574;7
12575;2
12576;0
12577;5
12578;4
12579;1
12580;6
12581;3
12582;3
12583;4
12586;2
12587;0
12588;4
12589;1
12590;6
12591;4
12592;3
12593;7
12594;2
12595;0
12596;5
12598;1
12599;6
12600;3
12601;7
12602;2
12603;0
12604;5
12606;6
12607;3
12608;2
12609;2
12610;0
12611;0
12612;4
12613;1
12614;1
12615;6
12616;6
12617;6
12618;3
12619;7
12620;2
12621;2
12622;0
12623;0
12624;5
12625;1
12626;1
12627;6
12628;5
12629;4
12630;6
12631;2
12632;2
12633;0
12634;4
12635;1
12636;6
12637;6
12638;2
12639;2
12640;2
12641;2
12642;2
12643;0
12644;0
12645;5
12646;5
12647;1
12648;1
12649;4
12650;6
12651;7
12652;2
12653;2
12654;2
12655;0
12656;4
12657;5
12658;5
12659;5
12660;4
12661;1
12662;1
12663;6
12664;6
12665;6
12666;6
12667;2
12668;2
12669;2
12670;4
12671;1
12672;1
12673;2
12674;2
12675;0
12676;0
12677;0
12678;0
12679;5
12680;5
12681;6
12682;6
12683;2
12684;0
12685;4
12686;1
12687;1
12688;1
12689;6
12690;4
12691;6
12692;4
12693;0
12694;4
12695;4
12696;6
12697;6
12698;3
12699;2
12700;2
12701;0
12702;0
12703;5
12704;1
12705;4
12706;6
12707;3
12708;2
12709;0
12710;0
12711;5
12712;1
12713;1
12714;3
12715;3
12716;1
12717;6
12718;4
12719;2
12720;2
12721;0
12722;0
12723;5
12724;1
12725;6
12726;6
12727;7
12728;2
12729;0
12730;5
12731;1
12732;6
12733;7
12734;2
12735;4
12736;4
12737;4
12738;6
12739;0
12740;1
12741;1
12742;2
12743;4
12744;1
12745;6
12746;6
12747;2
12748;2
12749;2
12750;0
12751;0
12752;0
12753;4
12754;1
12755;4
12756;2
12757;2
12758;0
12759;4
12760;1
12761;4
12762;2
12763;0
12764;4
12765;1
12766;3
12767;2
12768;0
12769;4
12770;4
12771;1
12772;6
12773;2
12774;0
12775;4
12776;1
12778;4
12779;6
12780;6
12781;7
12782;2
12783;4
12784;0
12785;5
12786;1
12787;1
12788;6
12789;2
12790;2
12791;2
12792;0
12793;5
12794;1
12796;4
12797;0
12798;5
12799;1
12800;6
12801;2
12802;2
12804;1
12805;2
12806;2
12807;0
12808;5
12809;5
12810;1
12811;6
12812;4
12813;2
12814;2
12815;0
12816;4
12817;4
12818;4
12819;4
12820;1
12821;6
12822;2
12823;0
12824;4
12825;1
12826;4
12827;0
12828;4
12829;5
12830;1
12831;1
12832;6
12833;7
12834;2
12835;2
12836;2
12837;0
12838;0
12839;5
12840;1
12841;6
12842;6
12843;6
12844;2
12846;5
12847;1
12848;1
12849;6
12850;6
12851;2
12852;0
12853;0
12854;5
12855;1
12856;6
12857;6
12858;2
12859;2
12860;0
12861;0
12862;4
12863;2
12864;0
12865;4
12866;1
12867;6
12868;6
12869;7
12870;4
12871;2
12872;0
12873;5
12874;1
12875;6
12876;6
12877;4
12878;2
12879;4
12880;1
12881;6
12882;6
12883;6
12884;4
12885;0
12886;5
12887;4
12888;1
12889;3
12890;0
12891;0
12892;5
12893;4
12894;1
12895;1
12896;6
12897;3
12898;7
12899;2
12900;0
12901;5
12902;4
12903;1
12904;1
12905;6
12906;6
12907;2
12908;1
12909;4
12910;7
12911;2
12912;0
12913;0
12914;5
12915;1
12916;6
12917;2
12918;0
12919;2
12920;0
12921;4
12922;7
12923;2
12924;0
12925;0
12926;4
12927;4
12928;4
12929;3
12930;2
12931;0
12932;5
12933;5
12934;1
12935;6
12936;5
12937;1
12938;1
12939;1
12940;1
12941;6
12942;2
12943;2
12944;0
12945;0
12946;5
12947;1
12948;6
12949;4
12950;2
12951;2
12952;0
12953;5
12954;4
12955;1
12956;6
12957;6
12958;4
12959;0
12960;5
12961;1
12962;1
12963;1
12964;4
12965;2
12966;0
12967;5
12968;1
12969;6
12970;4
12971;0
12972;0
12973;5
12974;1
12975;6
12976;2
12977;2
12978;2
12979;0
12980;4
12981;4
12982;1
12983;6
12984;6
12985;6
12986;6
12987;2
12988;2
12989;0
12990;0
12991;0
12992;0
12993;0
12994;0
12995;0
12996;0
12997;0
12998;0
13000;0
13001;0
13002;5
13003;4
13004;1
13005;4
13006;7
13007;2
13008;2
13009;0
13010;4
13011;1
13012;1
13013;6
13014;2
13015;2
13016;2
13017;2
13018;0
13019;5
13020;4
13021;1
13022;6
13023;3
13024;7
13025;2
13026;0
13027;0
13028;3
13029;4
13030;2
13031;0
13032;0
13033;0
13034;1
13035;4
13036;3
13037;2
13038;2
13039;2
13041;4
13042;4
13043;1
13044;6
13045;2
13046;0
13047;0
13048;5
13049;1
13050;6
13051;6
13052;6
13053;6
13054;2
13055;0
13056;4
13057;1
13058;7
13059;2
13060;0
13061;4
13062;1
13063;6
13064;4
13065;7
13066;2
13067;0
13068;4
13069;1
13070;6
13071;4
13072;7
13073;0
13074;4
13075;7
13076;7
13077;2
13078;2
13079;0
13080;4
13081;1
13082;1
13083;6
13084;6
13085;2
13086;2
13087;2
13088;2
13089;2
13090;2
13091;0
13092;0
13093;0
13094;0
13095;5
13096;1
13097;1
13098;6
13099;2
13100;0
13101;0
13102;0
13103;4
13104;1
13105;1
13106;1
13107;6
13108;2
13109;2
13110;0
13111;4
13112;1
13113;6
13114;0
13115;4
13116;1
13117;1
13118;4
13119;6
13120;2
13121;0
13122;0
13123;2
13124;0
13125;1
13126;2
13127;4
13128;0
13129;4
13130;1
13131;4
13132;6
13133;4
13134;2
13135;0
13136;0
13137;5
13138;1
13139;1
13140;6
13141;2
13142;2
13143;0
13144;6
13145;2
13146;2
13147;0
13148;4
13149;5
13150;1
13151;6
13152;6
13153;2
13154;2
13155;0
13156;5
13157;5
13158;1
13159;1
13160;4
13161;6
13162;6
13163;2
13164;0
13165;0
13166;5
13167;1
13168;1
13169;6
13170;6
13171;6
13172;6
13173;6
13174;6
13175;2
13176;0
13177;5
13178;4
13179;5
13180;1
13181;6
13182;2
13183;0
13184;1
13185;6
13186;6
13187;6
13188;2
13189;0
13190;4
13191;5
13192;1
13193;6
13194;6
13195;2
13196;0
13197;5
13198;1
13199;6
13200;6
13201;7
13202;2
13203;0
13204;5
13205;4
13206;1
13207;6
13208;6
13209;6
13210;2
13211;0
13212;5
13213;1
13214;4
13215;2
13216;2
13217;5
13218;5
13219;6
13220;6
13221;2
13222;0
13223;5
13224;1
13225;6
13226;2
13227;0
13229;4
13230;1
13231;6
13232;2
13233;2
13234;0
13235;5
13236;1
13237;1
13238;1
13239;6
13240;6
13241;6
13242;4
13243;0
13244;1
13245;6
13246;2
13247;2
13248;2
13249;0
13250;4
13251;1
13252;6
13253;2
13254;2
13255;0
13256;0
13257;5
13258;5
13259;0
13260;0
13261;5
13262;5
13263;5
13264;6
13265;2
13266;2
13267;2
13268;4
13269;5
13270;1
13271;2
13272;4
13273;1
13274;6
13275;4
13276;0
13277;4
13278;4
13279;6
13280;6
13281;2
13282;4
13283;2
13284;0
13285;4
13286;7
13287;0
13288;4
13289;5
13290;5
13291;5
13292;6
13293;6
13294;2
13295;2
13296;0
13297;0
13298;5
13299;5
13300;1
13301;6
13302;6
13303;2
13304;0
13305;5
13306;4
13307;1
13308;6
13309;0
13310;4
13311;1
13312;6
13313;0
13314;4
13315;1
13316;6
13317;2
13318;2
13319;0
13320;5
13321;4
13322;1
13323;6
13324;6
13325;0
13326;4
13327;1
13328;6
13329;5
13330;5
13331;5
13332;5
13333;5
13334;1
13335;1
13336;2
13337;2
13338;0
13339;5
13340;4
13341;6
13342;6
13344;0
13345;4
13346;1
13347;1
13348;6
13349;6
13350;6
13351;2
13352;0
13353;4
13354;4
13355;1
13356;6
13357;2
13358;4
13360;6
13361;0
13362;4
13363;5
13364;6
13365;6
13366;6
13367;0
13368;5
13369;5
13370;1
13371;6
13372;2
13373;2
13374;0
13375;4
13376;6
13377;6
13378;6
13379;2
13380;0
13381;4
13382;4
13383;1
13384;2
13385;0
13386;0
13387;2
13388;1
13389;6
13391;6
13392;2
13393;0
13394;5
13395;5
13396;2
13397;5
13398;1
13399;2
13400;0
13401;4
13402;1
13403;1
13404;6
13405;6
13406;2
13407;0
13408;1
13409;4
13410;2
13411;0
13412;1
13413;1
13414;4
13415;6
13416;0
13417;4
13418;1
13419;6
13420;4
13421;2
13422;0
13423;4
13424;4
13425;4
13426;1
13427;6
13428;2
13429;0
13430;4
13431;5
13432;5
13433;1
13434;6
13436;6
13437;2
13438;0
13439;0
13440;4
13441;1
13442;6
13443;6
13444;6
13445;0
13446;1
13447;6
13448;6
13449;2
13450;2
13451;4
13452;4
13453;1
13454;6
13455;0
13456;5
13457;5
13458;1
13459;6
13460;6
13461;4
13462;0
13463;4
13464;5
13465;4
13467;6
13469;2
13470;0
13471;0
13472;1
13473;6
13474;2
13475;0
13476;4
13477;1
13478;4
13479;2
13481;5
13482;1
13483;1
13484;6
13487;0
13489;1
13490;6
13491;2
13492;2
13494;4
13495;1
13496;5
13497;4
13499;0
13500;4
13501;1
13502;6
13503;2
13504;0
13505;1
13506;4
13507;6
13508;2
13510;0
13511;1
13512;6
13513;4
13514;0
13515;5
13516;1
13517;0
13518;4
13519;1
13520;6
13522;4
13523;4
13524;1
13525;6
13526;2
13527;0
13528;4
13529;1
13530;2
13531;2
13532;0
13533;0
13535;1
13536;1
13537;6
13539;4
13540;0
13541;2
13542;0
13543;0
13544;4
13545;1
13546;4
13547;0
13550;6
13551;2
13552;4
13553;1
13554;4
13555;4
13556;4
13557;5
13560;6
13561;2
13562;0
13563;4
13565;6
13566;6
13567;2
13568;0
13569;5
13570;4
13571;1
13572;6
13573;6
13574;2
13575;0
13576;4
13577;4
13578;1
13582;0
13583;4
13584;1
13585;1
13587;6
13588;2
13590;1
13591;1
13592;6
13593;2
13594;0
13595;5
13598;5
13599;6
13600;6
13601;2
13602;0
13603;4
13604;1
13605;1
13606;6
13607;0
13608;0
13609;5
13610;4
13611;1
13612;1
13613;6
13614;4
13615;2
13616;0
13617;4
13618;1
13619;6
13620;2
13621;0
13622;4
13623;1
13624;2
13625;0
13626;4
13627;1
13628;1
13629;2
13630;2
13632;5
13634;1
13635;6
13704;5
13705;2
13706;2
13707;2
13709;2
13710;6
13712;5
13715;5
13716;4
13719;5
13720;1
13722;2
13723;2
13724;2
13728;6
13730;2
13731;0
13732;3
13733;7
13734;2
13735;2
13736;0
13737;5
13738;5
13739;1
13740;2
13741;2
13742;0
13743;0
13744;0
13745;5
13746;5
13747;5
13748;1
13749;2
13750;2
13751;0
13752;5
13753;1
13754;1
13755;1
13756;6
13757;6
13759;6
13760;3
13761;0
13762;0
13763;5
13765;5
13766;1
13767;1
13768;1
13769;1
13770;6
13771;6
13772;6
13773;3
13774;7
13775;2
13776;0
13777;1
13778;7
13781;2
13782;0
13783;1
13784;6
13785;6
13786;4
13787;7
13788;7
13789;2
13790;0
13791;2
13792;2
13793;0
13794;0
13795;5
13796;1
13797;4
13798;4
13800;2
13801;0
13803;1
13804;1
13805;2
13807;1
13808;1
13809;1
13810;6
13811;3
13812;7
13813;7
13814;2
13815;5
13817;7
13818;0
13820;2
13821;1
13822;0
13823;7
13824;1
13825;3
13826;0
13827;5
13828;6
13829;3
13830;0
13831;1
13832;3
13833;0
13834;6
13835;2
13837;2
13838;3
13839;7
13840;5
13841;4
13842;6
13843;5
13844;1
13845;7
13846;2
13847;2
13850;0
13852;7
13853;0
13854;2
13855;0
13856;7
13857;0
13859;5
13860;6
13861;0
13865;2
13867;0
13868;5
13869;1
13872;1
13873;1
13874;6
13875;6
13876;6
13877;3
13878;3
13881;3
13882;7
13884;0
13885;0
13886;5
13887;5
13888;1
13889;6
13891;4
13892;2
13893;0
13894;5
13895;4
13896;2
13897;1
13898;6
13899;0
13900;0
13901;6
13902;6
13906;6
13907;6
13908;0
13909;5
13910;7
13911;7
13912;7
13913;0
13914;5
13915;3
13916;7
13917;2
13918;2
13919;5
13920;5
13921;1
13922;6
13923;3
13924;7
13926;2
13927;0
13928;0
13929;5
13930;5
13931;1
13933;6
13934;6
13935;3
13936;3
13937;7
13938;7
13939;2
13940;2
13941;2
13942;2
13943;2
13944;2
13945;5
13946;5
13947;1
13948;1
13950;6
13951;6
13952;6
13953;3
13954;0
13955;5
13956;1
13957;1
13958;1
13959;6
13960;7
13962;0
13963;5
13964;7
13965;2
13966;0
13967;1
13968;6
13969;6
13970;6
13971;3
13972;4
13973;7
13974;2
13975;2
13976;5
13977;1
13978;1
13979;6
13980;7
13981;2
13982;2
13983;0
13985;5
13986;5
13987;5
13988;1
13989;1
13990;2
13991;0
13992;0
13993;0
13994;5
13995;4
13996;7
13997;5
13998;4
13999;4
14000;6
14001;7
14002;2
14003;0
14005;5
14010;1
14011;6
14012;2
14014;5
14015;1
14018;3
14020;2
14021;0
14022;0
14027;2
14028;0
14029;1
14030;4
14031;7
14032;2
14033;0
14034;5
14035;5
14036;4
14037;0
14039;1
14040;2
14041;5
14042;0
14043;4
14045;2
14046;2
14048;5
14049;5
14050;2
14052;4
14062;5
14065;1
14066;7
14067;0
14068;0
14070;0
14071;5
14072;5
14074;5
14075;5
14076;0
14077;6
14078;7
14079;2
14080;0
14081;1
14083;7
14084;6
14085;2
14086;0
14087;7
14088;0
14089;0
14090;6
14091;7
14092;7
14093;2
14094;0
14097;1
14098;5
14100;6
14101;7
14102;5
14103;5
14104;1
14106;7
14107;2
14108;0
14109;5
14111;0
14112;2
14113;2
14114;1
14115;0
14116;1
14117;6
14118;3
14119;7
14120;7
14121;2
14122;2
14123;0
14124;0
14125;1
14126;6
14127;0
14128;5
14131;5
14132;1
14136;7
14137;5
14138;3
14139;7
14140;2
14141;4
14142;1
14143;6
14144;7
14145;2
14146;2
14147;0
14149;2
14150;0
14151;5
14154;4
14155;1
14156;6
14157;3
14158;2
14159;0
14160;6
14161;7
14162;2
14164;2
14166;0
14167;6
14168;3
14169;7
14170;2
14171;0
14172;0
14173;0
14174;5
14178;0
14179;5
14180;5
14181;1
14182;3
14183;7
14184;2
14185;0
14186;7
14187;2
14188;0
14189;5
14193;5
14194;7
14195;7
14196;0
14197;5
14201;1
14203;6
14204;0
14205;5
14208;1
14209;6
14210;0
14211;0
14212;1
14213;7
14214;2
14215;0
14216;0
14217;6
14218;3
14219;0
14220;1
14221;5
14222;3
14223;2
14224;5
14225;5
14227;5
14229;6
14232;5
14233;6
14234;5
14238;7
14239;1
14240;2
14242;3
14243;0
14244;0
14245;5
14247;1
14249;7
14251;0
14253;5
14254;5
14255;4
14256;7
14257;2
14259;0
14261;1
14262;6
14263;6
14265;0
14267;5
14268;5
14269;1
14270;1
14271;1
14272;3
14273;7
14277;5
14278;5
14279;1
14280;6
14281;3
14283;3
14285;7
14286;0
14288;5
14289;1
14290;6
14291;7
14292;2
14294;2
14299;1
14301;0
14302;5
14303;1
14305;1
14306;7
14307;0
14308;1
14310;6
14311;2
14312;2
14313;0
14317;5
14318;6
14319;3
14320;7
14321;7
14322;2
14323;0
14325;0
14327;5
14329;3
14330;0
14335;7
14337;4
14339;1
14342;4
14348;2
14350;1
14351;2
14352;0
14354;5
14356;0
14357;5
14359;6
14361;6
14362;3
14363;2
14364;0
14365;0
14366;5
14367;1
14368;6
14370;6
14371;3
14372;2
14374;0
14375;1
14376;6
14377;2
14379;0
14382;0
14384;7
14385;0
14387;2
14388;2
14389;0
14390;5
14391;6
14392;1
14393;3
14394;7
14395;0
14396;5
14397;1
14399;6
14405;7
14406;2
14407;0
14408;5
14409;1
14410;1
14411;1
14412;3
14413;7
14414;2
14415;0
14416;5
14417;5
14418;1
14419;1
14420;6
14422;7
14424;2
14425;0
14426;5
14427;5
14428;1
14429;3
14433;7
14434;2
14435;0
14437;1
14438;1
14439;7
14443;0
14446;1
14447;6
14449;3
14450;7
14451;2
14452;0
14455;0
14456;5
14457;5
14458;5
14459;5
14460;1
14461;6
14463;7
14464;5
14465;5
14466;1
14467;6
14468;7
14469;2
14470;0
14472;5
14474;6
14475;7
14476;2
14478;2
14479;2
14480;0
14482;3
14483;3
14484;1
14485;1
14486;1
14489;2
14491;5
14492;1
14493;6
14494;6
14496;7
14497;2
14498;0
14500;1
14502;7
14504;7
14507;0
14509;1
14511;0
14512;5
14513;5
14515;2
14517;6
14519;7
14521;7
14522;1
14523;6
14524;7
14525;2
14528;0
14529;3
14530;3
14531;2
14533;1
14536;7
14537;7
14538;0
14539;6
14631;7
14633;5
14634;5
14636;6
14637;3
14639;5
14640;5
14641;1
14642;6
14643;3
14644;3
14646;7
14648;2
14649;0
14650;0
14651;5
14652;4
14653;1
14654;6
14655;3
14656;7
14657;7
14658;5
14659;1
14660;7
14662;2
14664;2
14665;0
14666;0
14667;0
14669;0
14670;7
14671;2
14672;3
14673;7
14674;7
14675;2
14676;3
14677;7
14678;7
14679;7
14680;1
14681;1
14682;1
14683;7
14684;7
14685;2
14686;4
14687;2
14688;0
14689;0
14690;0
14691;4
14692;6
14693;7
14694;7
14695;7
14696;1
14697;3
14698;3
14700;2
14702;2
14703;2
14704;2
14705;0
14706;0
14707;0
14709;5
14710;3
14711;3
14712;3
14713;3
14714;7
14715;7
14716;7
14717;2
14718;0
14719;0
14720;5
14721;0
14722;5
14723;3
14725;2
14726;5
14727;5
14728;3
14729;2
14730;0
14733;1
14734;6
14735;4
14736;7
14737;7
14738;7
14740;5
14742;4
14743;1
14745;7
14747;2
14748;0
14751;3
14752;3
14753;7
14754;0
14755;5
14756;5
14758;7
14759;0
14761;5
14763;2
14765;0
14770;0
14771;1
14772;3
14773;2
14775;5
14777;4
14778;7
14780;0
14782;1
14783;6
14784;6
14788;7
14790;2
14792;3
14793;7
14794;7
14797;1
14799;1
14800;3
14801;2
14802;5
14803;1
14804;4
14805;2
14806;3
14807;0
14808;0
14810;1
14811;6
14812;2
14814;0
14815;0
14816;5
14817;1
14818;1
14819;6
14820;6
14821;2
14822;0
14823;0
14824;5
14825;5
14826;7
14827;2
14828;2
14829;2
14830;0
14831;0
14832;0
14833;1
14834;3
14835;2
14836;6
14837;7
14838;5
14839;5
14841;2
14842;2
14843;0
14844;0
14845;3
14846;7
14847;7
14848;2
14849;5
14851;5
14852;1
14854;3
14855;7
14856;0
14858;5
14859;3
14860;2
14861;0
14862;3
14863;3
14864;7
14865;7
14866;2
14868;0
14869;5
14871;5
14872;5
14873;1
14874;7
14875;0
14876;0
14878;0
14879;5
14880;1
14881;3
14883;2
14884;0
14885;5
14886;5
14887;5
14888;0
14889;5
14890;7
14891;2
14892;3
14895;5
14897;5
14898;1
14899;1
14900;7
14901;7
14902;2
14903;7
14904;7
14905;7
14906;2
14908;2
14909;0
14910;0
14911;5
14912;5
14913;1
14914;1
14915;7
14916;0
14917;0
14918;5
14919;5
14921;0
14922;5
14923;5
14924;1
14925;1
14926;6
14927;6
14928;3
14929;3
14930;4
14931;7
14932;7
14933;5
14934;1
14935;7
14936;2
14937;0
14938;0
14940;6
14942;3
14944;2
14945;2
14947;3
14948;3
14949;3
14950;7
14951;7
14952;7
14954;1
14955;6
14956;6
14957;6
14958;4
14960;7
14961;5
14963;2
14965;3
14966;7
14967;7
14968;2
14969;0
14970;6
14971;0
14973;5
14974;7
14975;0
14977;5
14978;2
14979;2
14980;5
14981;5
14982;0
14983;0
14984;7
14985;7
14987;0
14988;0
14989;6
14990;3
14991;7
14992;7
14995;3
14996;3
14997;3
14998;7
15000;7
15001;0
15002;7
15003;7
15007;3
15008;7
15020;2
15021;5
15022;2
15023;2
15024;0
15026;6
15029;3
15031;2
15032;2
15033;5
15034;3
15035;0
15036;0
15037;1
15038;6
15039;6
15040;3
15041;3
15042;7
15043;7
15044;3
15046;2
15047;0
15048;0
15052;5
15053;5
15056;5
15057;1
15059;3
15060;7
15064;2
15066;1
15067;1
15068;6
15069;6
15070;3
15071;7
15072;2
15073;2
15074;0
15075;0
15076;5
15077;1
15078;1
15079;3
15080;3
15081;2
15082;0
15083;0
15084;5
15086;1
15087;6
15093;5
15094;6
15095;5
15096;6
15098;5
15099;1
15102;0
15103;7
15104;7
15106;2
15107;0
15111;2
15113;2
15114;5
15115;7
15116;2
15117;2
15118;1
15119;6
15120;6
15121;7
15122;2
15123;2
15124;5
15125;4
15126;1
15127;1
15128;6
15129;6
15130;3
15131;3
15132;7
15133;0
15134;5
15135;4
15136;1
15137;1
15138;6
15139;6
15140;7
15141;2
15148;6
15150;4
15151;7
15152;2
15153;0
15155;0
15156;5
15157;1
15163;2
15164;0
15165;5
15166;7
15167;2
15168;2
15169;5
15170;6
15171;3
15172;0
15173;1
15174;3
15175;2
15176;0
15177;5
15178;5
15179;1
15180;1
15181;6
15182;7
15183;2
15184;0
15185;1
15186;1
15187;6
15188;0
15189;5
15190;1
15191;3
15192;5
15193;1
15194;4
15195;2
15197;0
15198;5
15199;6
15200;4
15201;5
15202;3
15203;7
15204;7
15205;2
15206;5
15207;1
15208;6
15209;3
15210;2
15211;1
15212;6
15213;2
15214;0
15215;5
15216;1
15217;6
15218;3
15219;7
15220;2
15221;0
15222;5
15223;1
15224;2
15225;0
15226;1
15227;1
15228;6
15229;7
15230;2
15231;2
15232;0
15233;5
15234;1
15235;2
15236;0
15237;5
15238;6
15239;6
15240;7
15241;0
15242;6
15243;2
15244;0
15245;1
15246;3
15247;3
15248;7
15249;5
15250;3
15251;2
15252;0
15253;1
15254;6
15255;2
15256;5
15257;3
15258;2
15259;0
15260;1
15261;2
15262;2
15263;0
15264;5
15265;6
15266;7
15267;0
15268;3
15269;0
15270;0
15271;1
15272;1
15273;7
15274;2
15275;2
15276;0
15277;1
15278;3
15279;7
15280;2
15281;2
15282;0
15283;4
15284;1
15285;6
15286;2
15287;5
15288;6
15289;7
15290;2
15291;5
15292;6
15293;7
15294;0
15295;1
15296;6
15297;6
15298;3
15299;2
15300;5
15301;6
15302;7
15303;2
15304;0
15305;6
15306;7
15307;2
15308;5
15309;6
15310;2
15311;0
15312;3
15313;7
15314;2
15315;0
15316;0
15317;5
15318;2
15319;0
15320;4
15321;5
15322;1
15323;6
15324;7
15325;7
15326;7
15327;2
15328;2
15329;0
15330;5
15331;5
15332;1
15333;6
15334;3
15335;7
15336;2
15337;2
15338;0
15339;5
15340;4
15341;6
15342;6
15343;3
15344;7
15345;2
15346;0
15347;1
15348;6
15349;3
15350;7
15351;7
15352;2
15353;2
15355;0
15356;6
15357;3
15358;7
15359;0
15360;5
15361;6
15362;2
15363;2
15364;0
15365;0
15366;2
15368;6
15369;2
15370;3
15371;0
15372;1
15373;1
15374;5
15375;2
15376;2
15377;0
15378;7
15379;5
15380;2
15381;1
15382;1
15383;7
15384;1
15385;1
15386;6
15387;6
15388;5
15389;6
15390;5
15391;1
15392;6
15393;2
15394;0
15395;0
15396;6
15397;2
15398;0
15399;1
15400;6
15401;6
15402;6
15403;6
15404;6
15405;2
15406;1
15407;0
15408;6
15409;3
15410;5
15411;7
15412;5
15413;2
15414;2
15415;5
15416;2
15417;1
15418;2
15419;2
15420;2
15421;0
15422;5
15423;6
15424;7
15425;2
15426;2
15427;1
15428;2
15429;2
15430;2
15431;5
15432;0
15433;3
15434;1
15435;5
15436;0
15437;1
15438;6
15439;5
15440;5
15441;0
15442;0
15443;1
15444;0
15445;6
15446;2
15447;1
15448;3
15449;5
15450;7
15451;0
15452;2
15453;6
15454;5
15457;2
15462;0
15463;6
15464;2
15465;5
15466;2
15467;6
15468;2
15469;0
15470;1
15471;6
15472;2
15473;0
15474;6
15475;7
15476;5
15477;5
15478;6
15479;7
15480;2
15481;2
15482;5
15483;3
15484;2
15485;0
15486;6
15487;4
15488;7
15489;0
15490;0
15491;0
15492;5
15493;6
15494;3
15495;0
15496;6
15497;3
15498;6
15499;0
15500;1
15501;3
15502;5
15503;7
15504;2
15505;1
15506;6
15507;5
15508;6
15509;2
15510;1
15512;5
15514;0
15515;6
15517;2
15519;5
15520;2
15521;7
15523;2
15524;2
15525;5
15527;1
15528;2
15530;2
15532;2
15534;0
15535;2
15536;0
15537;0
15538;5
15539;0
15541;6
15542;2
15543;2
15544;2
15545;5
15548;6
15549;6
15553;1
15557;2
15558;2
15559;2
15560;2
15561;7
15562;2
15563;3
15564;5
15565;1
15566;2
15569;2
15570;0
15571;6
15572;5
15573;2
15575;7
15576;5
15577;1
15579;5
15581;5
15582;1
15584;0
15585;0
15586;1
15587;5
15588;1
15589;1
15590;0
15591;2
15596;5
15597;4
15598;4
15601;6
15605;2
15608;1
15614;0
15617;1
15619;1
15621;5
15625;2
15626;5
15627;5
15628;1
15629;1
15630;0
15631;5
15632;5
15635;2
15636;2
15637;2
15639;0
15643;1
15644;1
15646;7
15647;0
15649;5
15650;5
15651;5
15652;5
15654;1
15655;1
15657;6
15658;6
15659;5
15660;5
15661;1
15662;6
15664;2
15665;0
15666;5
15668;1
15669;6
15670;2
15671;5
15672;4
15673;1
15674;6
15675;2
15676;0
15677;5
15678;1
15681;6
15684;5
15685;5
15686;5
15689;7
15691;0
15694;2
15698;7
15700;0
15702;1
15703;6
15704;6
15705;1
15707;2
15708;2
15709;0
15710;1
15711;7
15712;5
15713;1
15714;0
15715;0
15716;2
15717;1
15719;0
15720;0
15722;1
15723;7
15725;6
15726;6
15727;2
15728;5
15729;2
15730;0
15731;0
15732;0
15733;3
15734;3
15735;0
